Dataset,Phase,Model,Execution Number,CPU Usage (%),Memory Usage (%),Model Size (KB),Accuracy,Energy Consumption (J),Inference Time (s)
COMPAS,Training,SVM,1,,,,0.693774574550762,21.22242185,
COMPAS,Training,SVM,2,,,,0.687799905327409,21.31804158,
COMPAS,Training,SVM,3,,,,0.685616244898519,21.27902974,
COMPAS,Training,SVM,4,,,,0.690018764587012,20.97478803,
COMPAS,Training,SVM,5,,,,0.694272299216946,21.18012206,
COMPAS,Training,SVM,6,,,,0.685922740836371,20.96250802,
COMPAS,Training,SVM,7,,,,0.700424668228183,21.42119541,
COMPAS,Training,SVM,8,,,,0.687031286034849,21.41759025,
COMPAS,Training,SVM,9,,,,0.688802798967837,20.89573293,
COMPAS,Training,SVM,10,,,,0.694641889536564,21.34777926,
COMPAS,Training,SVM,11,,,,0.696050418101205,21.13490852,
COMPAS,Training,SVM,12,,,,0.67700308167386,20.64021136,
COMPAS,Training,SVM,13,,,,0.692635616169286,21.35527654,
COMPAS,Training,SVM,14,,,,0.695783955073516,21.56364075,
COMPAS,Training,SVM,15,,,,0.699276578734893,20.76047284,
COMPAS,Training,SVM,16,,,,0.679633499285202,21.0351402,
COMPAS,Training,SVM,17,,,,0.680169140258615,21.1889302,
COMPAS,Training,SVM,18,,,,0.699329551355678,21.31324786,
COMPAS,Training,SVM,19,,,,0.699720779788282,21.24067298,
COMPAS,Training,SVM,20,,,,0.696091752472835,21.22122935,
COMPAS,Training,SVM,21,,,,0.692434962093699,20.92806958,
COMPAS,Training,SVM,22,,,,0.691360666276816,21.1767073,
COMPAS,Training,SVM,23,,,,0.693499493863981,21.35698552,
COMPAS,Training,SVM,24,,,,0.67936066769996,20.80557147,
COMPAS,Training,SVM,25,,,,0.694365160354137,20.67352836,
COMPAS,Training,SVM,26,,,,0.680401681687105,20.64399232,
COMPAS,Training,SVM,27,,,,0.695534622973442,21.0468562,
COMPAS,Training,SVM,28,,,,0.699051291571067,21.34836413,
COMPAS,Training,SVM,29,,,,0.702606416075358,21.21700001,
COMPAS,Training,SVM,30,,,,0.691279635911489,21.27386296,
COMPAS,Training,Decision Tree,31,,,,0.63802451666662,1.150483092,
COMPAS,Training,Decision Tree,32,,,,0.646954119742622,1.14471821,
COMPAS,Training,Decision Tree,33,,,,0.663930337763065,1.114636127,
COMPAS,Training,Decision Tree,34,,,,0.632195833693636,1.149526134,
COMPAS,Training,Decision Tree,35,,,,0.63740248414461,1.139145196,
COMPAS,Training,Decision Tree,36,,,,0.637861568163565,1.13037534,
COMPAS,Training,Decision Tree,37,,,,0.650697774483348,1.151394522,
COMPAS,Training,Decision Tree,38,,,,0.636128932249779,1.132043049,
COMPAS,Training,Decision Tree,39,,,,0.652296706954483,1.127867973,
COMPAS,Training,Decision Tree,40,,,,0.650725619703063,1.136654716,
COMPAS,Training,Decision Tree,41,,,,0.630815370720864,1.136563189,
COMPAS,Training,Decision Tree,42,,,,0.644833921353338,1.137259927,
COMPAS,Training,Decision Tree,43,,,,0.635449000332836,1.117812438,
COMPAS,Training,Decision Tree,44,,,,0.638913835958501,1.135741269,
COMPAS,Training,Decision Tree,45,,,,0.632078059028311,1.128844563,
COMPAS,Training,Decision Tree,46,,,,0.630279149877437,1.139168024,
COMPAS,Training,Decision Tree,47,,,,0.631461595410839,1.154394511,
COMPAS,Training,Decision Tree,48,,,,0.645955809590123,1.147267527,
COMPAS,Training,Decision Tree,49,,,,0.63761578574402,1.150705726,
COMPAS,Training,Decision Tree,50,,,,0.645691763618504,1.140513041,
COMPAS,Training,Decision Tree,51,,,,0.644039770107381,1.137756167,
COMPAS,Training,Decision Tree,52,,,,0.647925570372112,1.154461622,
COMPAS,Training,Decision Tree,53,,,,0.635614916611208,1.155974539,
COMPAS,Training,Decision Tree,54,,,,0.628597231021561,1.138983907,
COMPAS,Training,Decision Tree,55,,,,0.651340013757362,1.132475831,
COMPAS,Training,Decision Tree,56,,,,0.640747159357536,1.155479549,
COMPAS,Training,Decision Tree,57,,,,0.644529095535913,1.139492033,
COMPAS,Training,Decision Tree,58,,,,0.643725759959154,1.120236269,
COMPAS,Training,Decision Tree,59,,,,0.640926175911764,1.156076856,
COMPAS,Training,Decision Tree,60,,,,0.639589880233786,1.150575485,
COMPAS,Training,KNN,61,,,,0.655748221756278,1.208378788,
COMPAS,Training,KNN,62,,,,0.64822596653289,1.215117417,
COMPAS,Training,KNN,63,,,,0.644764581972052,1.23087043,
COMPAS,Training,KNN,64,,,,0.654918578033806,1.221286608,
COMPAS,Training,KNN,65,,,,0.652360622229867,1.223314269,
COMPAS,Training,KNN,66,,,,0.656727048301534,1.232653361,
COMPAS,Training,KNN,67,,,,0.648290919733474,1.218633668,
COMPAS,Training,KNN,68,,,,0.642771088047544,1.222770897,
COMPAS,Training,KNN,69,,,,0.649183987790046,1.212538605,
COMPAS,Training,KNN,70,,,,0.654761969788733,1.217512764,
COMPAS,Training,KNN,71,,,,0.663219439590929,1.235137427,
COMPAS,Training,KNN,72,,,,0.650262988335725,1.215304023,
COMPAS,Training,KNN,73,,,,0.657004358564731,1.241907883,
COMPAS,Training,KNN,74,,,,0.659187515598847,1.244842191,
COMPAS,Training,KNN,75,,,,0.645506796028257,1.218463792,
COMPAS,Training,KNN,76,,,,0.653233534894722,1.203920124,
COMPAS,Training,KNN,77,,,,0.662488735505366,1.20131194,
COMPAS,Training,KNN,78,,,,0.650645772444449,1.202249123,
COMPAS,Training,KNN,79,,,,0.655053645543048,1.225966574,
COMPAS,Training,KNN,80,,,,0.664619071749918,1.240827098,
COMPAS,Training,KNN,81,,,,0.664159875501834,1.218253697,
COMPAS,Training,KNN,82,,,,0.654621541527887,1.228862468,
COMPAS,Training,KNN,83,,,,0.660307684912139,1.239811195,
COMPAS,Training,KNN,84,,,,0.659339980033524,1.205851963,
COMPAS,Training,KNN,85,,,,0.651285126919663,1.213978554,
COMPAS,Training,KNN,86,,,,0.65670121775382,1.212100153,
COMPAS,Training,KNN,87,,,,0.651754353574074,1.212307184,
COMPAS,Training,KNN,88,,,,0.664563378398481,1.224258619,
COMPAS,Training,KNN,89,,,,0.645978191039634,1.227503293,
COMPAS,Training,KNN,90,,,,0.647996583200017,1.202661853,
COMPAS,Training,Random Forest,91,,,,0.656655013481437,9.42600961,
COMPAS,Training,Random Forest,92,,,,0.656271471249563,9.254072921,
COMPAS,Training,Random Forest,93,,,,0.65531818698362,9.361072518,
COMPAS,Training,Random Forest,94,,,,0.655575050550242,9.697497772,
COMPAS,Training,Random Forest,95,,,,0.650677948284433,9.3446484,
COMPAS,Training,Random Forest,96,,,,0.659108306067062,9.324626267,
COMPAS,Training,Random Forest,97,,,,0.661582918438806,9.299934449,
COMPAS,Training,Random Forest,98,,,,0.653968379947321,9.51198086,
COMPAS,Training,Random Forest,99,,,,0.655005026680821,9.475657347,
COMPAS,Training,Random Forest,100,,,,0.666075324478293,9.387042382,
COMPAS,Training,Random Forest,101,,,,0.661942499563482,9.445234784,
COMPAS,Training,Random Forest,102,,,,0.647285124082667,9.449678863,
COMPAS,Training,Random Forest,103,,,,0.640873569400345,9.371112566,
COMPAS,Training,Random Forest,104,,,,0.650606574591649,9.48635992,
COMPAS,Training,Random Forest,105,,,,0.662674692235635,9.228834735,
COMPAS,Training,Random Forest,106,,,,0.638718138440082,9.397265564,
COMPAS,Training,Random Forest,107,,,,0.649074062608291,9.358346825,
COMPAS,Training,Random Forest,108,,,,0.647678664768509,9.268734916,
COMPAS,Training,Random Forest,109,,,,0.663995697225671,9.395044389,
COMPAS,Training,Random Forest,110,,,,0.646110087431914,9.300229328,
COMPAS,Training,Random Forest,111,,,,0.645618930407752,9.233091191,
COMPAS,Training,Random Forest,112,,,,0.657546127434508,9.462206479,
COMPAS,Training,Random Forest,113,,,,0.648704106746224,9.371049167,
COMPAS,Training,Random Forest,114,,,,0.654132148556572,9.3461557,
COMPAS,Training,Random Forest,115,,,,0.644410045879756,9.303990058,
COMPAS,Training,Random Forest,116,,,,0.654387923517425,9.436693464,
COMPAS,Training,Random Forest,117,,,,0.660726153301601,9.296224095,
COMPAS,Training,Random Forest,118,,,,0.649767141788732,9.405620724,
COMPAS,Training,Random Forest,119,,,,0.661930446828979,9.437414816,
COMPAS,Training,Random Forest,120,,,,0.664412056183321,9.408203501,
COMPAS,Training,AdaBoost,121,,,,0.674317456919042,4.119577381,
COMPAS,Training,AdaBoost,122,,,,0.682130653990585,4.087134943,
COMPAS,Training,AdaBoost,123,,,,0.680008393804575,4.084946538,
COMPAS,Training,AdaBoost,124,,,,0.676102055140978,4.074971608,
COMPAS,Training,AdaBoost,125,,,,0.703310637912559,4.156400553,
COMPAS,Training,AdaBoost,126,,,,0.684165750993273,4.129207073,
COMPAS,Training,AdaBoost,127,,,,0.679441425315968,4.120427066,
COMPAS,Training,AdaBoost,128,,,,0.687287655397855,4.09718248,
COMPAS,Training,AdaBoost,129,,,,0.666485219781706,4.138486005,
COMPAS,Training,AdaBoost,130,,,,0.678893001089219,4.151076349,
COMPAS,Training,AdaBoost,131,,,,0.689531965709329,4.099953819,
COMPAS,Training,AdaBoost,132,,,,0.685917319577285,4.154656667,
COMPAS,Training,AdaBoost,133,,,,0.681090926095069,4.138506601,
COMPAS,Training,AdaBoost,134,,,,0.670357695322342,4.082379272,
COMPAS,Training,AdaBoost,135,,,,0.682840715670291,4.119187549,
COMPAS,Training,AdaBoost,136,,,,0.678673250050622,4.153520727,
COMPAS,Training,AdaBoost,137,,,,0.675006987772266,4.155961905,
COMPAS,Training,AdaBoost,138,,,,0.689205535380412,4.051834167,
COMPAS,Training,AdaBoost,139,,,,0.687826523218398,4.183856891,
COMPAS,Training,AdaBoost,140,,,,0.675886883556553,4.090817481,
COMPAS,Training,AdaBoost,141,,,,0.68721731775279,4.125159259,
COMPAS,Training,AdaBoost,142,,,,0.689265895037826,4.116579597,
COMPAS,Training,AdaBoost,143,,,,0.695783343949453,4.061888143,
COMPAS,Training,AdaBoost,144,,,,0.68407973994772,4.098932634,
COMPAS,Training,AdaBoost,145,,,,0.690950042446678,4.135849874,
COMPAS,Training,AdaBoost,146,,,,0.694190586047853,4.116488766,
COMPAS,Training,AdaBoost,147,,,,0.685608979808936,4.095323278,
COMPAS,Training,AdaBoost,148,,,,0.672430279969432,4.138416359,
COMPAS,Training,AdaBoost,149,,,,0.685522191875259,4.249533274,
COMPAS,Training,AdaBoost,150,,,,0.690745359124187,4.102969246,
COMPAS,Training,Bagging Classifier,151,,,,0.650818700829176,2.491436412,
COMPAS,Training,Bagging Classifier,152,,,,0.652230980570746,2.485842835,
COMPAS,Training,Bagging Classifier,153,,,,0.655057534049266,2.524884014,
COMPAS,Training,Bagging Classifier,154,,,,0.654380348168671,2.504609557,
COMPAS,Training,Bagging Classifier,155,,,,0.643108178337291,2.552193497,
COMPAS,Training,Bagging Classifier,156,,,,0.654070388377185,2.51236296,
COMPAS,Training,Bagging Classifier,157,,,,0.653206183200506,2.496586058,
COMPAS,Training,Bagging Classifier,158,,,,0.65623131740037,2.514393357,
COMPAS,Training,Bagging Classifier,159,,,,0.648277385732557,2.553500397,
COMPAS,Training,Bagging Classifier,160,,,,0.66106932175453,2.462442808,
COMPAS,Training,Bagging Classifier,161,,,,0.655320117215813,2.493407557,
COMPAS,Training,Bagging Classifier,162,,,,0.64946985883602,2.529752535,
COMPAS,Training,Bagging Classifier,163,,,,0.653468948505541,2.514475041,
COMPAS,Training,Bagging Classifier,164,,,,0.652941084183641,2.500689622,
COMPAS,Training,Bagging Classifier,165,,,,0.653731205653672,2.489646007,
COMPAS,Training,Bagging Classifier,166,,,,0.652498015525604,2.521347183,
COMPAS,Training,Bagging Classifier,167,,,,0.65366605613808,2.486502737,
COMPAS,Training,Bagging Classifier,168,,,,0.645744449761561,2.465479925,
COMPAS,Training,Bagging Classifier,169,,,,0.64358562570167,2.508004614,
COMPAS,Training,Bagging Classifier,170,,,,0.643995371625104,2.507295688,
COMPAS,Training,Bagging Classifier,171,,,,0.652375977523978,2.514915142,
COMPAS,Training,Bagging Classifier,172,,,,0.659323090212846,2.538872245,
COMPAS,Training,Bagging Classifier,173,,,,0.654285677934818,2.470864893,
COMPAS,Training,Bagging Classifier,174,,,,0.664472910197971,2.498838141,
COMPAS,Training,Bagging Classifier,175,,,,0.656058663232389,2.477048073,
COMPAS,Training,Bagging Classifier,176,,,,0.651697496774556,2.514745676,
COMPAS,Training,Bagging Classifier,177,,,,0.646975018485131,2.497679319,
COMPAS,Training,Bagging Classifier,178,,,,0.656212012707946,2.529960905,
COMPAS,Training,Bagging Classifier,179,,,,0.654058467211227,2.473415176,
COMPAS,Training,Bagging Classifier,180,,,,0.653339315454885,2.487342644,
Dataset,Phase,Model,Execution Number,,,,Accuracy,Energy Consumption (J),
German,Training,SVM,1,,,,0.732663396177954,7.49223138,
German,Training,SVM,2,,,,0.73941689952779,7.686077431,
German,Training,SVM,3,,,,0.721169036991672,7.725225701,
German,Training,SVM,4,,,,0.739522377519409,7.57994039,
German,Training,SVM,5,,,,0.745801651064497,7.692934789,
German,Training,SVM,6,,,,0.740708174152399,7.517540282,
German,Training,SVM,7,,,,0.727715669344688,7.694983647,
German,Training,SVM,8,,,,0.719906406048373,7.690817044,
German,Training,SVM,9,,,,0.736000261187568,7.631424592,
German,Training,SVM,10,,,,0.736464456508543,7.669782839,
German,Training,SVM,11,,,,0.741900023397602,7.568858968,
German,Training,SVM,12,,,,0.742584013914556,7.61923864,
German,Training,SVM,13,,,,0.736494264007927,7.507615442,
German,Training,SVM,14,,,,0.736100859526238,7.573840426,
German,Training,SVM,15,,,,0.747404172705725,7.646499404,
German,Training,SVM,16,,,,0.727556346542069,7.718557139,
German,Training,SVM,17,,,,0.738431973075028,7.56434952,
German,Training,SVM,18,,,,0.73101005061265,7.696511177,
German,Training,SVM,19,,,,0.737669830977969,7.66747608,
German,Training,SVM,20,,,,0.737256152892101,7.708166121,
German,Training,SVM,21,,,,0.731823182713527,7.676974613,
German,Training,SVM,22,,,,0.738637078273351,7.626588316,
German,Training,SVM,23,,,,0.742362268778007,7.672141924,
German,Training,SVM,24,,,,0.733835715613278,7.596714657,
German,Training,SVM,25,,,,0.737438035194325,7.630855814,
German,Training,SVM,26,,,,0.728810131449914,7.642388293,
German,Training,SVM,27,,,,0.714187850843058,7.499505595,
German,Training,SVM,28,,,,0.731702796992394,7.702482604,
German,Training,SVM,29,,,,0.722784583201755,7.726578593,
German,Training,SVM,30,,,,0.735320502379174,7.606069892,
German,Training,Decision Tree,31,,,,0.709267845439405,2.275316292,
German,Training,Decision Tree,32,,,,0.702375300558617,2.241430435,
German,Training,Decision Tree,33,,,,0.715487584527551,2.262159163,
German,Training,Decision Tree,34,,,,0.696497827477177,2.214711774,
German,Training,Decision Tree,35,,,,0.710697945792816,2.202929708,
German,Training,Decision Tree,36,,,,0.700980914008283,2.2341021,
German,Training,Decision Tree,37,,,,0.698574494604709,2.211934418,
German,Training,Decision Tree,38,,,,0.703287765813671,2.230743884,
German,Training,Decision Tree,39,,,,0.698502406110102,2.236452499,
German,Training,Decision Tree,40,,,,0.69877473326656,2.250605702,
German,Training,Decision Tree,41,,,,0.693093000612987,2.209678909,
German,Training,Decision Tree,42,,,,0.702366602651371,2.222893784,
German,Training,Decision Tree,43,,,,0.684549639035573,2.228944122,
German,Training,Decision Tree,44,,,,0.700738429569879,2.182021419,
German,Training,Decision Tree,45,,,,0.693422504703714,2.233916196,
German,Training,Decision Tree,46,,,,0.704078053952469,2.185219624,
German,Training,Decision Tree,47,,,,0.691229103421984,2.221222788,
German,Training,Decision Tree,48,,,,0.700043356697805,2.170739366,
German,Training,Decision Tree,49,,,,0.705559854482181,2.267030286,
German,Training,Decision Tree,50,,,,0.704123620945312,2.191715917,
German,Training,Decision Tree,51,,,,0.693827278033734,2.23132733,
German,Training,Decision Tree,52,,,,0.706274711545379,2.19535335,
German,Training,Decision Tree,53,,,,0.702317940029593,2.220900588,
German,Training,Decision Tree,54,,,,0.687786207056081,2.236259179,
German,Training,Decision Tree,55,,,,0.695478841718791,2.224284185,
German,Training,Decision Tree,56,,,,0.707656231393071,2.18766546,
German,Training,Decision Tree,57,,,,0.704094744760629,2.214299227,
German,Training,Decision Tree,58,,,,0.705560869253233,2.231361779,
German,Training,Decision Tree,59,,,,0.707933659407317,2.223934129,
German,Training,Decision Tree,60,,,,0.700568441686374,2.184932266,
German,Training,KNN,61,,,,0.651190787559971,0.716347076120061,
German,Training,KNN,62,,,,0.653299315629347,0.709199962986639,
German,Training,KNN,63,,,,0.649990153575213,0.71287770281199,
German,Training,KNN,64,,,,0.645945422183814,0.73568648024002,
German,Training,KNN,65,,,,0.636910651121636,0.727059505135395,
German,Training,KNN,66,,,,0.668023679401731,0.732489406710268,
German,Training,KNN,67,,,,0.668010083434983,0.716783134079133,
German,Training,KNN,68,,,,0.659179489643069,0.72135985870627,
German,Training,KNN,69,,,,0.660369449406065,0.72551157639335,
German,Training,KNN,70,,,,0.644900689205824,0.717378878687751,
German,Training,KNN,71,,,,0.654955805783969,0.714234934191473,
German,Training,KNN,72,,,,0.653101688094863,0.720628737100103,
German,Training,KNN,73,,,,0.653263871672239,0.729626902375483,
German,Training,KNN,74,,,,0.653493709611014,0.729161500250913,
German,Training,KNN,75,,,,0.646158277405384,0.704683830862486,
German,Training,KNN,76,,,,0.651598515068157,0.718131444616109,
German,Training,KNN,77,,,,0.663714463458263,0.715211177986248,
German,Training,KNN,78,,,,0.657358658136857,0.725494945483945,
German,Training,KNN,79,,,,0.641588057864387,0.730419474758522,
German,Training,KNN,80,,,,0.654015493188934,0.729733130501531,
German,Training,KNN,81,,,,0.661933531596855,0.723796062087808,
German,Training,KNN,82,,,,0.660820987529476,0.73154299482075,
German,Training,KNN,83,,,,0.653687673932108,0.73218776212571,
German,Training,KNN,84,,,,0.660964884413562,0.715851737703362,
German,Training,KNN,85,,,,0.654896296328609,0.720656821559173,
German,Training,KNN,86,,,,0.653146720338645,0.714111807939111,
German,Training,KNN,87,,,,0.6454276367651,0.712709912450081,
German,Training,KNN,88,,,,0.656791423337195,0.717960678503862,
German,Training,KNN,89,,,,0.647317226971312,0.712199197399479,
German,Training,KNN,90,,,,0.645787684486098,0.717912622462879,
German,Training,Random Forest,91,,,,0.720481125044295,9.88248378,
German,Training,Random Forest,92,,,,0.73736114993663,9.923463397,
German,Training,Random Forest,93,,,,0.720371464227298,9.766913622,
German,Training,Random Forest,94,,,,0.728471750983531,9.701766339,
German,Training,Random Forest,95,,,,0.712309017031671,9.817678293,
German,Training,Random Forest,96,,,,0.728672023736605,9.730726574,
German,Training,Random Forest,97,,,,0.716163686867789,9.701250593,
German,Training,Random Forest,98,,,,0.713088268036816,9.918076377,
German,Training,Random Forest,99,,,,0.71827590511889,9.660375357,
German,Training,Random Forest,100,,,,0.717947783255251,9.840451871,
German,Training,Random Forest,101,,,,0.729956461071709,9.856530687,
German,Training,Random Forest,102,,,,0.722511248449688,9.820525844,
German,Training,Random Forest,103,,,,0.722267818384848,9.778529902,
German,Training,Random Forest,104,,,,0.729671258041324,9.932082054,
German,Training,Random Forest,105,,,,0.728433749896295,9.78121157,
German,Training,Random Forest,106,,,,0.701316913028284,9.980212014,
German,Training,Random Forest,107,,,,0.713897792350801,9.827640566,
German,Training,Random Forest,108,,,,0.713521335483115,9.837808006,
German,Training,Random Forest,109,,,,0.714491422055215,9.907927133,
German,Training,Random Forest,110,,,,0.718908134843167,9.789448785,
German,Training,Random Forest,111,,,,0.733402241967096,9.986862056,
German,Training,Random Forest,112,,,,0.731914169902228,9.816965964,
German,Training,Random Forest,113,,,,0.725099857388833,9.984399132,
German,Training,Random Forest,114,,,,0.711650064415849,9.753787271,
German,Training,Random Forest,115,,,,0.710782338240333,9.767792163,
German,Training,Random Forest,116,,,,0.723593645724311,9.828870953,
German,Training,Random Forest,117,,,,0.723340435001981,9.860428573,
German,Training,Random Forest,118,,,,0.711476933797841,9.870623835,
German,Training,Random Forest,119,,,,0.729455031819496,9.741257676,
German,Training,Random Forest,120,,,,0.710805542313418,9.754248229,
German,Training,AdaBoost,121,,,,0.681000553086953,13.62438044,
German,Training,AdaBoost,122,,,,0.678396532366711,13.72974418,
German,Training,AdaBoost,123,,,,0.683312984799159,13.95801572,
German,Training,AdaBoost,124,,,,0.684570827575969,13.94304134,
German,Training,AdaBoost,125,,,,0.689853265146091,13.66538377,
German,Training,AdaBoost,126,,,,0.673359267653901,13.6847223,
German,Training,AdaBoost,127,,,,0.692169916961832,13.77167832,
German,Training,AdaBoost,128,,,,0.682277893978474,13.75601356,
German,Training,AdaBoost,129,,,,0.686667762956348,13.84544652,
German,Training,AdaBoost,130,,,,0.681933970541699,13.85828149,
German,Training,AdaBoost,131,,,,0.701040073688086,13.73249728,
German,Training,AdaBoost,132,,,,0.693599552379722,13.81245224,
German,Training,AdaBoost,133,,,,0.686834679751785,13.60665708,
German,Training,AdaBoost,134,,,,0.686718262109024,13.63745732,
German,Training,AdaBoost,135,,,,0.684138573549747,14.05922819,
German,Training,AdaBoost,136,,,,0.68309738687561,13.70498963,
German,Training,AdaBoost,137,,,,0.677644176096687,13.63426463,
German,Training,AdaBoost,138,,,,0.685853688127319,13.6531191,
German,Training,AdaBoost,139,,,,0.691661548329902,13.7986959,
German,Training,AdaBoost,140,,,,0.675398392468547,13.68914268,
German,Training,AdaBoost,141,,,,0.688874752101487,13.82939358,
German,Training,AdaBoost,142,,,,0.693769007714411,13.81501798,
German,Training,AdaBoost,143,,,,0.685085218506549,13.78156463,
German,Training,AdaBoost,144,,,,0.686048688663496,13.65081645,
German,Training,AdaBoost,145,,,,0.689056562858777,13.98841533,
German,Training,AdaBoost,146,,,,0.677426368750776,13.56945582,
German,Training,AdaBoost,147,,,,0.677604589618672,13.82593389,
German,Training,AdaBoost,148,,,,0.680922493882261,13.59914048,
German,Training,AdaBoost,149,,,,0.698805511226064,13.89819413,
German,Training,AdaBoost,150,,,,0.688822325965274,13.59268513,
German,Training,Bagging Classifier,151,,,,0.712526303021501,5.10650334,
German,Training,Bagging Classifier,152,,,,0.710324810546361,5.177526793,
German,Training,Bagging Classifier,153,,,,0.706897907101987,5.124753379,
German,Training,Bagging Classifier,154,,,,0.703522234219195,5.174942494,
German,Training,Bagging Classifier,155,,,,0.701154756988402,5.219378863,
German,Training,Bagging Classifier,156,,,,0.703984107932225,5.234619624,
German,Training,Bagging Classifier,157,,,,0.709929638717691,5.050861962,
German,Training,Bagging Classifier,158,,,,0.704658645948662,5.200755898,
German,Training,Bagging Classifier,159,,,,0.700222623252662,5.107635731,
German,Training,Bagging Classifier,160,,,,0.692587697884544,5.224765923,
German,Training,Bagging Classifier,161,,,,0.697800325813549,5.143850919,
German,Training,Bagging Classifier,162,,,,0.708616396112803,5.259308655,
German,Training,Bagging Classifier,163,,,,0.71280059718882,5.08118067,
German,Training,Bagging Classifier,164,,,,0.709187334807271,5.148697032,
German,Training,Bagging Classifier,165,,,,0.713452921043321,5.181700378,
German,Training,Bagging Classifier,166,,,,0.707902944085919,5.139128492,
German,Training,Bagging Classifier,167,,,,0.707332532700528,5.193429308,
German,Training,Bagging Classifier,168,,,,0.710152135755111,5.290262746,
German,Training,Bagging Classifier,169,,,,0.69223481656295,5.197734415,
German,Training,Bagging Classifier,170,,,,0.701691264315636,5.143203092,
German,Training,Bagging Classifier,171,,,,0.702337637228356,5.235627849,
German,Training,Bagging Classifier,172,,,,0.712026922156745,5.115672896,
German,Training,Bagging Classifier,173,,,,0.698641013399042,5.174145698,
German,Training,Bagging Classifier,174,,,,0.715952298829941,5.151750224,
German,Training,Bagging Classifier,175,,,,0.708333663711578,5.199190232,
German,Training,Bagging Classifier,176,,,,0.697696361187163,5.19554457,
German,Training,Bagging Classifier,177,,,,0.708000545529803,5.159979897,
German,Training,Bagging Classifier,178,,,,0.715439359866077,5.198030241,
German,Training,Bagging Classifier,179,,,,0.703364626275414,5.195952936,
German,Training,Bagging Classifier,180,,,,0.69390514747233,5.177592647,
Dataset,Phase,Model,Execution Number,,,,Accuracy,Energy Consumption (J),
SmsSpam,Training,SVM,1,,,,0.820808790818764,0.544660410732554,
SmsSpam,Training,SVM,2,,,,0.824068266705524,0.538902135447113,
SmsSpam,Training,SVM,3,,,,0.826335009764082,0.544426581433705,
SmsSpam,Training,SVM,4,,,,0.834990476145368,0.533374398279338,
SmsSpam,Training,SVM,5,,,,0.818532726351392,0.533443177246884,
SmsSpam,Training,SVM,6,,,,0.822628157714457,0.539480182677815,
SmsSpam,Training,SVM,7,,,,0.81404451425804,0.541372508153241,
SmsSpam,Training,SVM,8,,,,0.821824070417307,0.545238175711537,
SmsSpam,Training,SVM,9,,,,0.815317232845766,0.538238006765725,
SmsSpam,Training,SVM,10,,,,0.825924430423591,0.537577514616956,
SmsSpam,Training,SVM,11,,,,0.822478966172991,0.538894816183755,
SmsSpam,Training,SVM,12,,,,0.822253186465255,0.537812221582605,
SmsSpam,Training,SVM,13,,,,0.83186455483105,0.544640248296299,
SmsSpam,Training,SVM,14,,,,0.819378405074908,0.540947446763176,
SmsSpam,Training,SVM,15,,,,0.821448670873309,0.532715948359646,
SmsSpam,Training,SVM,16,,,,0.829695056069056,0.540578449746049,
SmsSpam,Training,SVM,17,,,,0.822267258297029,0.535774500269113,
SmsSpam,Training,SVM,18,,,,0.836772570693202,0.53714256012304,
SmsSpam,Training,SVM,19,,,,0.825495677067755,0.542916059918084,
SmsSpam,Training,SVM,20,,,,0.83692466917358,0.534343653780992,
SmsSpam,Training,SVM,21,,,,0.840764358900314,0.531446870861176,
SmsSpam,Training,SVM,22,,,,0.839489270626589,0.540113668431117,
SmsSpam,Training,SVM,23,,,,0.826455873750731,0.546736281249789,
SmsSpam,Training,SVM,24,,,,0.834301318932887,0.537494037467489,
SmsSpam,Training,SVM,25,,,,0.831715643486309,0.541509416747133,
SmsSpam,Training,SVM,26,,,,0.82681755999561,0.540847272042918,
SmsSpam,Training,SVM,27,,,,0.825392986060795,0.543041082353776,
SmsSpam,Training,SVM,28,,,,0.818161631702836,0.542349721035184,
SmsSpam,Training,SVM,29,,,,0.812907316957113,0.536781619003218,
SmsSpam,Training,SVM,30,,,,0.820964184603229,0.533754696571078,
SmsSpam,Training,Decision Tree,31,,,,0.95889819323759,6.275438538,
SmsSpam,Training,Decision Tree,32,,,,0.947860598224618,6.214002716,
SmsSpam,Training,Decision Tree,33,,,,0.947109116490124,6.391260035,
SmsSpam,Training,Decision Tree,34,,,,0.952001252151285,6.350670421,
SmsSpam,Training,Decision Tree,35,,,,0.945868625237228,6.239867393,
SmsSpam,Training,Decision Tree,36,,,,0.951667889392485,6.286450308,
SmsSpam,Training,Decision Tree,37,,,,0.971271889999384,6.257936752,
SmsSpam,Training,Decision Tree,38,,,,0.974937865188249,6.24699171,
SmsSpam,Training,Decision Tree,39,,,,0.959626909899751,6.213423768,
SmsSpam,Training,Decision Tree,40,,,,0.953816423721532,6.281585912,
SmsSpam,Training,Decision Tree,41,,,,0.959648950995629,6.22546831,
SmsSpam,Training,Decision Tree,42,,,,0.947867546543624,6.270990957,
SmsSpam,Training,Decision Tree,43,,,,0.973809561071114,6.316275888,
SmsSpam,Training,Decision Tree,44,,,,0.965063590743621,6.336479933,
SmsSpam,Training,Decision Tree,45,,,,0.964784191376977,6.284665919,
SmsSpam,Training,Decision Tree,46,,,,0.951745163125394,6.266347185,
SmsSpam,Training,Decision Tree,47,,,,0.949506603634585,6.259198612,
SmsSpam,Training,Decision Tree,48,,,,0.950894399911203,6.374720346,
SmsSpam,Training,Decision Tree,49,,,,0.945256241579341,6.237954187,
SmsSpam,Training,Decision Tree,50,,,,0.948134280250776,6.200917768,
SmsSpam,Training,Decision Tree,51,,,,0.954983376449586,6.249849671,
SmsSpam,Training,Decision Tree,52,,,,0.973770456329595,6.242680742,
SmsSpam,Training,Decision Tree,53,,,,0.960105672051119,6.357689923,
SmsSpam,Training,Decision Tree,54,,,,0.966209329258395,6.324862348,
SmsSpam,Training,Decision Tree,55,,,,0.958476407906087,6.297134049,
SmsSpam,Training,Decision Tree,56,,,,0.952293428660549,6.204650141,
SmsSpam,Training,Decision Tree,57,,,,0.962723434663196,6.217485902,
SmsSpam,Training,Decision Tree,58,,,,0.953305957214531,6.252324112,
SmsSpam,Training,Decision Tree,59,,,,0.971990567435412,6.241311158,
SmsSpam,Training,Decision Tree,60,,,,0.966432861678711,6.233708238,
SmsSpam,Training,KNN,61,,,,0.926666242351408,1.150438176,
SmsSpam,Training,KNN,62,,,,0.942082206589692,1.140229169,
SmsSpam,Training,KNN,63,,,,0.935244568667136,1.135954135,
SmsSpam,Training,KNN,64,,,,0.929909437429783,1.132251352,
SmsSpam,Training,KNN,65,,,,0.952737806120806,1.125880436,
SmsSpam,Training,KNN,66,,,,0.936790388280638,1.123262712,
SmsSpam,Training,KNN,67,,,,0.913595289033061,1.120411327,
SmsSpam,Training,KNN,68,,,,0.921309976034509,1.142539716,
SmsSpam,Training,KNN,69,,,,0.917757184072496,1.121182391,
SmsSpam,Training,KNN,70,,,,0.925985255465702,1.137016395,
SmsSpam,Training,KNN,71,,,,0.938304974043337,1.141256882,
SmsSpam,Training,KNN,72,,,,0.922525486568505,1.123528734,
SmsSpam,Training,KNN,73,,,,0.947767571998846,1.128727212,
SmsSpam,Training,KNN,74,,,,0.926851351186714,1.133454741,
SmsSpam,Training,KNN,75,,,,0.926314655065439,1.135750618,
SmsSpam,Training,KNN,76,,,,0.92720758623154,1.143768503,
SmsSpam,Training,KNN,77,,,,0.932730521695481,1.115187073,
SmsSpam,Training,KNN,78,,,,0.933057534072193,1.148238328,
SmsSpam,Training,KNN,79,,,,0.933192143727721,1.135214411,
SmsSpam,Training,KNN,80,,,,0.94829184995363,1.133389288,
SmsSpam,Training,KNN,81,,,,0.925569762687455,1.140170134,
SmsSpam,Training,KNN,82,,,,0.939079833246891,1.119342726,
SmsSpam,Training,KNN,83,,,,0.921075914393708,1.141970625,
SmsSpam,Training,KNN,84,,,,0.922745107322298,1.138194302,
SmsSpam,Training,KNN,85,,,,0.932161470238935,1.120271471,
SmsSpam,Training,KNN,86,,,,0.946140559962026,1.116757287,
SmsSpam,Training,KNN,87,,,,0.939483628183578,1.10608727,
SmsSpam,Training,KNN,88,,,,0.945211767362934,1.140068348,
SmsSpam,Training,KNN,89,,,,0.930961183177035,1.109572372,
SmsSpam,Training,KNN,90,,,,0.933127999894389,1.109056703,
SmsSpam,Training,Random Forest,91,,,,0.96251571916511,71.65843774,
SmsSpam,Training,Random Forest,92,,,,0.97993201070451,72.93861261,
SmsSpam,Training,Random Forest,93,,,,0.958288990959914,73.46863031,
SmsSpam,Training,Random Forest,94,,,,0.977139735572862,73.27742536,
SmsSpam,Training,Random Forest,95,,,,0.959579122158491,70.8388271,
SmsSpam,Training,Random Forest,96,,,,0.959185833069109,73.05772684,
SmsSpam,Training,Random Forest,97,,,,0.958104416697414,72.990238,
SmsSpam,Training,Random Forest,98,,,,0.957811133694934,71.92857851,
SmsSpam,Training,Random Forest,99,,,,0.966693436057413,72.62683106,
SmsSpam,Training,Random Forest,100,,,,0.986644092877203,71.72758842,
SmsSpam,Training,Random Forest,101,,,,0.969712230516299,73.43478327,
SmsSpam,Training,Random Forest,102,,,,0.970079617231187,72.31761868,
SmsSpam,Training,Random Forest,103,,,,0.958027587621604,72.20054875,
SmsSpam,Training,Random Forest,104,,,,0.989282373017846,72.67121066,
SmsSpam,Training,Random Forest,105,,,,0.973347931304783,71.22459623,
SmsSpam,Training,Random Forest,106,,,,0.975448685156794,72.80828505,
SmsSpam,Training,Random Forest,107,,,,0.962385710891013,73.00141396,
SmsSpam,Training,Random Forest,108,,,,0.965287390537532,72.93585939,
SmsSpam,Training,Random Forest,109,,,,0.968243613237725,72.30190768,
SmsSpam,Training,Random Forest,110,,,,0.962190481038847,72.14776902,
SmsSpam,Training,Random Forest,111,,,,0.979499248371553,72.54438539,
SmsSpam,Training,Random Forest,112,,,,0.958221536753605,71.87399924,
SmsSpam,Training,Random Forest,113,,,,0.98309894009184,72.49628441,
SmsSpam,Training,Random Forest,114,,,,0.973261116062952,72.40109212,
SmsSpam,Training,Random Forest,115,,,,0.965358957299385,72.45037604,
SmsSpam,Training,Random Forest,116,,,,0.975496238077585,73.79282411,
SmsSpam,Training,Random Forest,117,,,,0.977140266610181,73.52871943,
SmsSpam,Training,Random Forest,118,,,,0.997035229635576,74.31481508,
SmsSpam,Training,Random Forest,119,,,,0.963244497042103,73.63181652,
SmsSpam,Training,Random Forest,120,,,,0.960369049079289,71.79390844,
SmsSpam,Training,AdaBoost,121,,,,0.968969047171596,38.65821597,
SmsSpam,Training,AdaBoost,122,,,,0.977687175212016,38.1180186,
SmsSpam,Training,AdaBoost,123,,,,0.976239721018868,39.27605974,
SmsSpam,Training,AdaBoost,124,,,,0.971354306584413,38.62266023,
SmsSpam,Training,AdaBoost,125,,,,0.958597208843538,38.15626128,
SmsSpam,Training,AdaBoost,126,,,,0.970749379633689,39.14423003,
SmsSpam,Training,AdaBoost,127,,,,0.962992865557792,38.5429704,
SmsSpam,Training,AdaBoost,128,,,,0.982085179791486,39.04825286,
SmsSpam,Training,AdaBoost,129,,,,0.967610638029286,37.98102447,
SmsSpam,Training,AdaBoost,130,,,,0.977776685555325,39.00791369,
SmsSpam,Training,AdaBoost,131,,,,0.963779877916191,38.95859427,
SmsSpam,Training,AdaBoost,132,,,,0.976296306142599,38.85017686,
SmsSpam,Training,AdaBoost,133,,,,0.968048467874019,38.82956332,
SmsSpam,Training,AdaBoost,134,,,,0.984163131152848,38.11757582,
SmsSpam,Training,AdaBoost,135,,,,0.972093949818664,38.62443091,
SmsSpam,Training,AdaBoost,136,,,,0.968087307163616,39.03850844,
SmsSpam,Training,AdaBoost,137,,,,0.957006567186582,38.20139194,
SmsSpam,Training,AdaBoost,138,,,,0.97296966411931,38.17525067,
SmsSpam,Training,AdaBoost,139,,,,0.97233247056729,38.23646826,
SmsSpam,Training,AdaBoost,140,,,,0.970901618615297,38.60468017,
SmsSpam,Training,AdaBoost,141,,,,0.966012743998863,38.92728489,
SmsSpam,Training,AdaBoost,142,,,,0.972233941357093,39.16165449,
SmsSpam,Training,AdaBoost,143,,,,0.979219554263578,38.59600065,
SmsSpam,Training,AdaBoost,144,,,,0.962365847342764,37.79271333,
SmsSpam,Training,AdaBoost,145,,,,0.973880144069727,39.32109482,
SmsSpam,Training,AdaBoost,146,,,,0.964242541457075,37.92376647,
SmsSpam,Training,AdaBoost,147,,,,0.96244529793858,38.03703911,
SmsSpam,Training,AdaBoost,148,,,,0.984556940607166,38.1706238,
SmsSpam,Training,AdaBoost,149,,,,0.987931703165763,39.19499352,
SmsSpam,Training,AdaBoost,150,,,,0.951386011686664,38.35755473,
SmsSpam,Training,Bagging Classifier,151,,,,0.963318777313654,28.63391669,
SmsSpam,Training,Bagging Classifier,152,,,,0.984110243193088,28.59496485,
SmsSpam,Training,Bagging Classifier,153,,,,0.965252626286437,28.39085455,
SmsSpam,Training,Bagging Classifier,154,,,,0.968784709722695,28.55158457,
SmsSpam,Training,Bagging Classifier,155,,,,0.967201066258541,29.04030281,
SmsSpam,Training,Bagging Classifier,156,,,,0.970576117103191,28.439356,
SmsSpam,Training,Bagging Classifier,157,,,,0.966152395460279,28.95539722,
SmsSpam,Training,Bagging Classifier,158,,,,0.969230168387,28.80214549,
SmsSpam,Training,Bagging Classifier,159,,,,0.945493374367414,28.73131005,
SmsSpam,Training,Bagging Classifier,160,,,,0.95267727896882,28.67228061,
SmsSpam,Training,Bagging Classifier,161,,,,0.97513418599498,29.04532828,
SmsSpam,Training,Bagging Classifier,162,,,,0.956092559069175,28.76867099,
SmsSpam,Training,Bagging Classifier,163,,,,0.95812538249561,28.69515067,
SmsSpam,Training,Bagging Classifier,164,,,,0.970477666059119,29.19373733,
SmsSpam,Training,Bagging Classifier,165,,,,0.965478155871766,28.93768678,
SmsSpam,Training,Bagging Classifier,166,,,,0.968237828125121,28.5696421,
SmsSpam,Training,Bagging Classifier,167,,,,0.970028807569428,28.8759654,
SmsSpam,Training,Bagging Classifier,168,,,,0.965863941805771,28.91262027,
SmsSpam,Training,Bagging Classifier,169,,,,0.958147709333409,28.56995742,
SmsSpam,Training,Bagging Classifier,170,,,,0.954300272712753,28.6439062,
SmsSpam,Training,Bagging Classifier,171,,,,0.955035692712914,28.62482134,
SmsSpam,Training,Bagging Classifier,172,,,,0.942791972959148,28.71596382,
SmsSpam,Training,Bagging Classifier,173,,,,0.973088867244232,28.83910126,
SmsSpam,Training,Bagging Classifier,174,,,,0.973652523393955,28.93727378,
SmsSpam,Training,Bagging Classifier,175,,,,0.961424149885168,29.21652534,
SmsSpam,Training,Bagging Classifier,176,,,,0.98124210116474,28.9296776,
SmsSpam,Training,Bagging Classifier,177,,,,0.96207676026411,28.9084438,
SmsSpam,Training,Bagging Classifier,178,,,,0.936073865037371,28.1081813,
SmsSpam,Training,Bagging Classifier,179,,,,0.958471264471393,28.77562403,
SmsSpam,Training,Bagging Classifier,180,,,,0.965861896155704,28.68429307,
COMPAS,Inference,SVM,1,5.387652041,46.00823724,276.9326,0.681936913919885,18.60103239,0.559801371460243
COMPAS,Inference,SVM,2,5.49204339,46.46574602,276.9326,0.687974897517519,18.15252792,0.577437999642169
COMPAS,Inference,SVM,3,5.352507502,45.59696679,276.9326,0.681414879829135,18.30479107,0.56898041326482
COMPAS,Inference,SVM,4,5.453741876,46.61178782,276.9326,0.677997009501586,18.62767956,0.575384125745168
COMPAS,Inference,SVM,5,5.447111292,45.89841816,276.9326,0.692937103585781,18.45133223,0.557127588561836
COMPAS,Inference,SVM,6,5.359237207,45.52772694,276.9326,0.696976192448208,18.26383481,0.566959784768575
COMPAS,Inference,SVM,7,5.4262511,46.82514983,276.9326,0.68250383510483,18.24915074,0.567587735534625
COMPAS,Inference,SVM,8,5.428920728,46.37635376,276.9326,0.693685895221646,18.14766477,0.572341477933011
COMPAS,Inference,SVM,9,5.349866987,46.7178453,276.9326,0.70748542867738,18.39902663,0.561917163218396
COMPAS,Inference,SVM,10,5.492930426,45.97030059,276.9326,0.698503923152731,18.36645494,0.581851113133201
COMPAS,Inference,SVM,11,5.406317948,47.36416749,276.9326,0.688125514166773,18.71501972,0.56585297213608
COMPAS,Inference,SVM,12,5.373983711,46.32517008,276.9326,0.685107188088586,18.83483135,0.556852518027228
COMPAS,Inference,SVM,13,5.479492558,46.46332916,276.9326,0.689340954123764,18.06507725,0.571388362903338
COMPAS,Inference,SVM,14,5.401601699,46.39359003,276.9326,0.692245497115742,18.52891665,0.559502645105876
COMPAS,Inference,SVM,15,5.453207982,46.04690863,276.9326,0.698939805010484,18.50056486,0.584749387838856
COMPAS,Inference,SVM,16,5.491176171,46.36037546,276.9326,0.690563020083092,18.39177509,0.567087683431814
COMPAS,Inference,SVM,17,5.360063252,45.93071498,276.9326,0.683391593676627,18.50298282,0.568596175084284
COMPAS,Inference,SVM,18,5.483129848,45.1553997,276.9326,0.700018546028951,18.2927781,0.567155163849542
COMPAS,Inference,SVM,19,5.358077536,46.28356997,276.9326,0.693655051362764,18.31480128,0.564092405218046
COMPAS,Inference,SVM,20,5.319813351,46.18859796,276.9326,0.686503649251657,18.36420178,0.563099589482825
COMPAS,Inference,SVM,21,5.331779124,46.3736425,276.9326,0.691733202423066,17.78597475,0.578077895738755
COMPAS,Inference,SVM,22,5.323648505,45.55870499,276.9326,0.686885050747797,18.59888505,0.577699437138696
COMPAS,Inference,SVM,23,5.456500955,45.60858964,276.9326,0.701887242444608,18.39371109,0.562052888092881
COMPAS,Inference,SVM,24,5.385089693,46.0597252,276.9326,0.681192133923157,18.19171095,0.569701083503696
COMPAS,Inference,SVM,25,5.378062569,45.34144349,276.9326,0.68057803919412,18.49069598,0.570123206692738
COMPAS,Inference,SVM,26,5.466501649,46.32129383,276.9326,0.685463918450654,18.18291488,0.561851712344335
COMPAS,Inference,SVM,27,5.312530837,45.34982457,276.9326,0.683815946851106,18.41453094,0.553858294163824
COMPAS,Inference,SVM,28,5.312453201,45.77552898,276.9326,0.69871732581402,18.08830955,0.564618757836738
COMPAS,Inference,SVM,29,5.488094846,46.37223201,276.9326,0.699720086015653,18.51796739,0.564498894211713
COMPAS,Inference,SVM,30,5.491818109,46.57973131,276.9326,0.681645758720069,18.24488666,0.556346519136296
COMPAS,Inference,Decision Tree,31,23.64372555,46.54212225,162.54,0.629604634802621,0.575398561691139,0.0165040338297942
COMPAS,Inference,Decision Tree,32,23.70511608,45.75470795,162.54,0.651635738804757,0.560035119996983,0.0163174590884908
COMPAS,Inference,Decision Tree,33,23.40820071,46.95540944,162.54,0.645479602908565,0.568030898615708,0.0163588547130844
COMPAS,Inference,Decision Tree,34,23.824974,45.59072084,162.54,0.651052662543074,0.573777096360004,0.0164007892141306
COMPAS,Inference,Decision Tree,35,24.08365598,45.72558395,162.54,0.649614742541217,0.565628005754536,0.0165149324064581
COMPAS,Inference,Decision Tree,36,23.92576984,46.21027286,162.54,0.64806447462945,0.569515147641104,0.0163787732244946
COMPAS,Inference,Decision Tree,37,23.75250587,45.34082364,162.54,0.646936741119816,0.57126428128206,0.0165241206974847
COMPAS,Inference,Decision Tree,38,23.42528835,46.31504184,162.54,0.656744619537579,0.572232897645201,0.0163827321922787
COMPAS,Inference,Decision Tree,39,23.60209092,45.7061753,162.54,0.645670597315863,0.573089694374587,0.0163099664971617
COMPAS,Inference,Decision Tree,40,23.43204015,45.93907899,162.54,0.632459905053863,0.568679257351906,0.0165816406894886
COMPAS,Inference,Decision Tree,41,23.191797,45.61345667,162.54,0.652457002286596,0.561565733110357,0.0162328890628996
COMPAS,Inference,Decision Tree,42,23.30575564,45.543556,162.54,0.63310447816527,0.573847075203986,0.0164602639469859
COMPAS,Inference,Decision Tree,43,23.34821315,46.5190161,162.54,0.652031841541734,0.577389614312189,0.016539546236816
COMPAS,Inference,Decision Tree,44,23.60558898,45.68622419,162.54,0.641078775738115,0.575209415634228,0.0164073872789251
COMPAS,Inference,Decision Tree,45,23.49401928,45.72693975,162.54,0.645025757930094,0.576175385193098,0.0161838079998889
COMPAS,Inference,Decision Tree,46,23.622186,46.60811244,162.54,0.645129381249211,0.573723517628892,0.0166145664837118
COMPAS,Inference,Decision Tree,47,23.56970362,45.60516327,162.54,0.646012396719925,0.572543762014154,0.0166105460259376
COMPAS,Inference,Decision Tree,48,23.17374906,46.10261649,162.54,0.637762052573562,0.573191043163201,0.0162252609524738
COMPAS,Inference,Decision Tree,49,23.69113523,46.22368119,162.54,0.645671997660462,0.563832145665606,0.0166080167874449
COMPAS,Inference,Decision Tree,50,23.26918424,46.56212038,162.54,0.636100263581832,0.569524631117592,0.0161773425216192
COMPAS,Inference,Decision Tree,51,23.7650988,46.01150244,162.54,0.633249983193653,0.572638369933537,0.0162409697866972
COMPAS,Inference,Decision Tree,52,23.64122662,46.64850618,162.54,0.64344126439663,0.556016790697722,0.0162098395159463
COMPAS,Inference,Decision Tree,53,23.49816996,46.97521487,162.54,0.644755434442189,0.565763158884924,0.0165453705516018
COMPAS,Inference,Decision Tree,54,23.63983514,47.28297148,162.54,0.642479128306452,0.575031461884744,0.0163317344425013
COMPAS,Inference,Decision Tree,55,23.71311813,46.26299782,162.54,0.642672820247231,0.567146660161843,0.0164086600335404
COMPAS,Inference,Decision Tree,56,23.97849573,46.47185432,162.54,0.636681211004704,0.582939067888213,0.016624995895619
COMPAS,Inference,Decision Tree,57,23.73632069,47.44675963,162.54,0.644661875840688,0.574357046458517,0.016624455210197
COMPAS,Inference,Decision Tree,58,23.31848638,46.07555486,162.54,0.642632814301328,0.568981490292646,0.0165857476256917
COMPAS,Inference,Decision Tree,59,23.6857065,45.54967388,162.54,0.641547971123888,0.575782082074367,0.0163680512876873
COMPAS,Inference,Decision Tree,60,24.11402578,46.61428807,162.54,0.654298449236641,0.564524156423524,0.0163331247297168
COMPAS,Inference,KNN,61,4.035732056,47.01710674,668.8184,0.650567798219438,5.824864046,0.197793192369092
COMPAS,Inference,KNN,62,4.06696294,47.02247926,668.8184,0.656169309399005,5.871042309,0.193903506321053
COMPAS,Inference,KNN,63,4.045297418,46.1328257,668.8184,0.654531062675743,5.792321713,0.195521602524829
COMPAS,Inference,KNN,64,4.000108743,46.84489616,668.8184,0.648501327342757,5.894986927,0.196192740539382
COMPAS,Inference,KNN,65,4.040237987,46.32150382,668.8184,0.660244880841017,5.849028408,0.19650583758734
COMPAS,Inference,KNN,66,3.996690617,45.40712239,668.8184,0.651363815414201,5.855805679,0.196344060374774
COMPAS,Inference,KNN,67,4.060469657,47.36924119,668.8184,0.644037219724319,5.939063581,0.196942223531264
COMPAS,Inference,KNN,68,4.009011525,47.1895034,668.8184,0.661093137027822,5.784598286,0.198749798196255
COMPAS,Inference,KNN,69,4.026256949,46.61334106,668.8184,0.660250695294916,5.785358529,0.193949474838341
COMPAS,Inference,KNN,70,4.056884468,46.47699669,668.8184,0.667265368377327,5.757892166,0.197996824856471
COMPAS,Inference,KNN,71,3.990941239,47.0743434,668.8184,0.656233413108163,5.874890879,0.199029142096442
COMPAS,Inference,KNN,72,3.994441364,46.50589619,668.8184,0.643608191499242,5.829499141,0.196302923826108
COMPAS,Inference,KNN,73,4.027046994,46.13918047,668.8184,0.661936856729185,5.802209926,0.198858714415787
COMPAS,Inference,KNN,74,3.975025917,45.36017036,668.8184,0.661781160347436,5.931147364,0.198968070987061
COMPAS,Inference,KNN,75,3.99904662,46.43113801,668.8184,0.644492096102073,5.764690224,0.199246811724506
COMPAS,Inference,KNN,76,4.014968594,47.23842269,668.8184,0.656517796106795,5.862533015,0.198889796167198
COMPAS,Inference,KNN,77,3.956844805,46.33729417,668.8184,0.652222884621537,5.758295322,0.196771601548706
COMPAS,Inference,KNN,78,3.994713276,46.23171194,668.8184,0.661372058986798,5.783878543,0.195930660954831
COMPAS,Inference,KNN,79,3.977242587,47.14339064,668.8184,0.657749697605453,5.824066194,0.198158202036131
COMPAS,Inference,KNN,80,4.060262515,45.82682436,668.8184,0.656186594778806,5.873701706,0.198540266020444
COMPAS,Inference,KNN,81,4.029602916,45.88862924,668.8184,0.66280585575858,5.999883562,0.197263092846858
COMPAS,Inference,KNN,82,3.915225522,46.47932127,668.8184,0.65615541835445,5.834052106,0.196773143306836
COMPAS,Inference,KNN,83,4.011402061,45.95573197,668.8184,0.646587572677398,5.8311153,0.195693165927385
COMPAS,Inference,KNN,84,4.080768708,47.10549157,668.8184,0.647810117918416,5.944194117,0.198375487862004
COMPAS,Inference,KNN,85,4.01216645,46.34643994,668.8184,0.646526320691035,5.759798947,0.197761902735495
COMPAS,Inference,KNN,86,4.012114963,47.12091651,668.8184,0.652047609546207,5.934608136,0.196072440476402
COMPAS,Inference,KNN,87,4.009738276,46.54973649,668.8184,0.655201741535179,5.833272655,0.194413580613414
COMPAS,Inference,KNN,88,4.033795212,46.78998068,668.8184,0.653223461579697,5.80237147,0.198862051061235
COMPAS,Inference,KNN,89,4.024894351,46.74386331,668.8184,0.645924603914382,5.830762699,0.198634425242085
COMPAS,Inference,KNN,90,4.056356223,46.7578826,668.8184,0.659956382679346,5.826193249,0.195891228638934
COMPAS,Inference,Random Forest,91,4.087534483,47.71291002,13934.81,0.637618368057916,2.052404043,0.0777959629024871
COMPAS,Inference,Random Forest,92,4.052668245,46.96610228,13934.81,0.649323425683707,2.100026914,0.0800377389785653
COMPAS,Inference,Random Forest,93,3.986928275,47.50343511,13934.81,0.660070612554681,2.075725727,0.0808012121457552
COMPAS,Inference,Random Forest,94,4.057472126,47.3486339,13934.81,0.658260709840729,2.065817647,0.0807027032270099
COMPAS,Inference,Random Forest,95,4.071618852,46.9781913,13934.81,0.653473568118187,2.090108366,0.0784979741847714
COMPAS,Inference,Random Forest,96,4.043048931,46.20457045,13934.81,0.665418005396574,2.053345495,0.0799119369361728
COMPAS,Inference,Random Forest,97,4.06719316,45.69687707,13934.81,0.658312163489503,2.06084458,0.0784468227603857
COMPAS,Inference,Random Forest,98,4.037457672,46.79632839,13934.81,0.653344617612609,2.107690051,0.080687894519988
COMPAS,Inference,Random Forest,99,4.006765515,46.62026485,13934.81,0.649541128971693,2.078268309,0.0792004220082279
COMPAS,Inference,Random Forest,100,4.147215601,45.94276514,13934.81,0.653835797392275,2.086552798,0.0796906449743439
COMPAS,Inference,Random Forest,101,4.058105281,46.44941875,13934.81,0.652150113681902,2.076643722,0.0805851426237154
COMPAS,Inference,Random Forest,102,4.054087918,46.81224331,13934.81,0.664927120376068,2.097337335,0.0795876748668677
COMPAS,Inference,Random Forest,103,4.115708287,46.82949346,13934.81,0.659643770182735,2.062167934,0.0802930168734082
COMPAS,Inference,Random Forest,104,4.020940387,46.35658444,13934.81,0.659058118306943,2.089094143,0.0784754603789859
COMPAS,Inference,Random Forest,105,4.061772671,47.27286492,13934.81,0.652822795732701,2.058599791,0.0802620204947213
COMPAS,Inference,Random Forest,106,4.039267128,47.10366555,13934.81,0.651281587760759,2.108565395,0.0791834946094872
COMPAS,Inference,Random Forest,107,4.051111309,47.69374669,13934.81,0.656441685677996,2.07866907,0.0791939153769483
COMPAS,Inference,Random Forest,108,4.044870891,46.45593005,13934.81,0.661365704157666,2.074708674,0.0796655949667737
COMPAS,Inference,Random Forest,109,4.072069399,47.13211252,13934.81,0.651459306209102,2.115464315,0.0808634794220679
COMPAS,Inference,Random Forest,110,4.026920095,46.58826607,13934.81,0.644175734898619,2.070940868,0.0800663235752355
COMPAS,Inference,Random Forest,111,3.998870455,46.63328492,13934.81,0.654653974354678,2.102990655,0.0775317976906751
COMPAS,Inference,Random Forest,112,3.964408434,46.69086456,13934.81,0.645362494047236,2.088140459,0.0797994929779116
COMPAS,Inference,Random Forest,113,4.082801375,46.70773621,13934.81,0.656605964153962,2.103080315,0.0795378010525912
COMPAS,Inference,Random Forest,114,4.063945938,46.84604603,13934.81,0.647509174867424,2.092211094,0.0798260413559036
COMPAS,Inference,Random Forest,115,4.161236336,47.33475647,13934.81,0.647759330172844,2.087084481,0.0794312848952392
COMPAS,Inference,Random Forest,116,4.037455146,47.20165601,13934.81,0.665857174335273,2.090843444,0.0790994284245135
COMPAS,Inference,Random Forest,117,4.037597419,47.08369656,13934.81,0.656878577958641,2.093326132,0.0798574119849347
COMPAS,Inference,Random Forest,118,4.021604155,47.02045501,13934.81,0.647828429514507,2.037476867,0.0785914410411859
COMPAS,Inference,Random Forest,119,4.034544132,45.46912079,13934.81,0.640923592948086,2.064061618,0.0800026671676963
COMPAS,Inference,Random Forest,120,4.050574723,45.97639138,13934.81,0.655069387237047,2.074708526,0.0793263921437518
COMPAS,Inference,AdaBoost,121,3.835219659,46.26346977,33.05078,0.683808166124162,1.677489697,0.0684374933689055
COMPAS,Inference,AdaBoost,122,3.838945,46.27048794,33.05078,0.675831154416435,1.662402055,0.0678025149875384
COMPAS,Inference,AdaBoost,123,3.859405388,46.3452027,33.05078,0.692947665528082,1.685661655,0.0674565547091657
COMPAS,Inference,AdaBoost,124,3.824301063,46.11907807,33.05078,0.671634476679557,1.677849923,0.0671932841824746
COMPAS,Inference,AdaBoost,125,3.788936118,45.39333019,33.05078,0.706686369559819,1.696313624,0.0679681179973585
COMPAS,Inference,AdaBoost,126,3.813673328,46.70631488,33.05078,0.68463818425583,1.661925059,0.0681547804027953
COMPAS,Inference,AdaBoost,127,3.881314108,46.60756452,33.05078,0.694499063950127,1.679806339,0.0671585227333058
COMPAS,Inference,AdaBoost,128,3.819102692,46.79026214,33.05078,0.685836587515807,1.673853941,0.0678999348784647
COMPAS,Inference,AdaBoost,129,3.741261338,46.2943817,33.05078,0.695408134512309,1.627045488,0.0673630883463982
COMPAS,Inference,AdaBoost,130,3.851096775,46.30057808,33.05078,0.682869598850217,1.653268363,0.0671893748860259
COMPAS,Inference,AdaBoost,131,3.816242793,46.6295787,33.05078,0.694851917352034,1.689276279,0.0684453453375139
COMPAS,Inference,AdaBoost,132,3.870803742,46.75896856,33.05078,0.678133762155977,1.648538438,0.0687049738654881
COMPAS,Inference,AdaBoost,133,3.838894018,46.25781953,33.05078,0.670433399093724,1.682734776,0.0685614930065431
COMPAS,Inference,AdaBoost,134,3.906385322,45.82648332,33.05078,0.681980588253649,1.663253165,0.0689067792072314
COMPAS,Inference,AdaBoost,135,3.782372644,45.85911034,33.05078,0.686689259212046,1.672422938,0.0662099827202397
COMPAS,Inference,AdaBoost,136,3.822227474,46.11978479,33.05078,0.691940567251951,1.665271577,0.0690978829681292
COMPAS,Inference,AdaBoost,137,3.839682779,46.22390298,33.05078,0.68940823975676,1.675944123,0.0685026807116539
COMPAS,Inference,AdaBoost,138,3.795628739,45.94465317,33.05078,0.681353960889383,1.660763851,0.0680274268552335
COMPAS,Inference,AdaBoost,139,3.785109612,45.62781909,33.05078,0.680013128958795,1.669001648,0.0679126874961501
COMPAS,Inference,AdaBoost,140,3.795575322,46.78776666,33.05078,0.675763527788237,1.673219162,0.0667371643464353
COMPAS,Inference,AdaBoost,141,3.843562944,46.04876334,33.05078,0.673530279554222,1.678390261,0.0682343381222004
COMPAS,Inference,AdaBoost,142,3.812262169,46.49632626,33.05078,0.691829816910749,1.667765887,0.0691450357699951
COMPAS,Inference,AdaBoost,143,3.753038036,45.55805252,33.05078,0.681896914817224,1.657900488,0.0678802821247641
COMPAS,Inference,AdaBoost,144,3.805523921,45.51762381,33.05078,0.692093647159312,1.652127615,0.0689188653775274
COMPAS,Inference,AdaBoost,145,3.758621065,47.27145371,33.05078,0.683293572998429,1.694828551,0.0679382982313039
COMPAS,Inference,AdaBoost,146,3.829057332,45.96886535,33.05078,0.682750032210927,1.676273319,0.0699649930349796
COMPAS,Inference,AdaBoost,147,3.80535594,46.43896392,33.05078,0.684786511811647,1.662982018,0.0690093275814072
COMPAS,Inference,AdaBoost,148,3.717152111,45.46111493,33.05078,0.677784069537892,1.672232787,0.0676328812257877
COMPAS,Inference,AdaBoost,149,3.80724485,45.7092405,33.05078,0.679845431717963,1.653518824,0.0685172945069627
COMPAS,Inference,AdaBoost,150,3.848116534,46.20282864,33.05078,0.684017606871848,1.66081024,0.0679244431750635
COMPAS,Inference,Bagging Classifier,151,3.747911491,46.26224859,1289.125,0.643147302787601,0.97802324289348,0.0383876168011486
COMPAS,Inference,Bagging Classifier,152,3.708307004,46.27364272,1289.125,0.64845153551109,0.980056158483269,0.0386630969323123
COMPAS,Inference,Bagging Classifier,153,3.701362317,47.12045167,1289.125,0.659517583799028,0.96962344700665,0.0382821475501696
COMPAS,Inference,Bagging Classifier,154,3.771052636,45.62985016,1289.125,0.660722377857861,0.968595988625127,0.0376498150847438
COMPAS,Inference,Bagging Classifier,155,3.709627485,45.95786853,1289.125,0.648625946595028,0.978343422194029,0.0374021368151946
COMPAS,Inference,Bagging Classifier,156,3.680861835,46.51344584,1289.125,0.652845103341449,0.977986138338683,0.0376619675893674
COMPAS,Inference,Bagging Classifier,157,3.675172584,46.4067444,1289.125,0.662196998036519,0.974142639650664,0.0373503159338708
COMPAS,Inference,Bagging Classifier,158,3.759301298,46.17117083,1289.125,0.652993402152345,0.972708541039109,0.0376444747039418
COMPAS,Inference,Bagging Classifier,159,3.718194324,46.56604742,1289.125,0.666379469807585,0.96518621747141,0.0375481438827207
COMPAS,Inference,Bagging Classifier,160,3.760314036,46.33037852,1289.125,0.648673264588091,0.989166086680841,0.037350498269701
COMPAS,Inference,Bagging Classifier,161,3.750381625,47.02142437,1289.125,0.65577811843799,0.983891029902316,0.038166185052798
COMPAS,Inference,Bagging Classifier,162,3.715251313,46.97957092,1289.125,0.654434864383532,0.982973360209504,0.0379566161262055
COMPAS,Inference,Bagging Classifier,163,3.694904779,46.64818831,1289.125,0.649372635137366,1.00346023,0.038182286513114
COMPAS,Inference,Bagging Classifier,164,3.708658644,47.27846675,1289.125,0.652010799237308,0.992098654433765,0.0380433884593404
COMPAS,Inference,Bagging Classifier,165,3.838161782,45.85876939,1289.125,0.648248425131222,0.954296249897273,0.0380423820336527
COMPAS,Inference,Bagging Classifier,166,3.79977308,46.10899359,1289.125,0.648752702017051,0.960416356516638,0.0381521938667763
COMPAS,Inference,Bagging Classifier,167,3.723687108,45.43984477,1289.125,0.642596444760498,0.988176191103814,0.0378878631371275
COMPAS,Inference,Bagging Classifier,168,3.72124234,46.4291317,1289.125,0.648592252519725,0.975549746475704,0.0372766920587003
COMPAS,Inference,Bagging Classifier,169,3.75139457,46.51467912,1289.125,0.653326282477415,0.985939692585127,0.0377211340283034
COMPAS,Inference,Bagging Classifier,170,3.741200719,46.67979012,1289.125,0.65608187454192,0.972486954030258,0.037373518857906
COMPAS,Inference,Bagging Classifier,171,3.750297489,46.32528053,1289.125,0.64780922633044,0.967644199065534,0.0372629362267025
COMPAS,Inference,Bagging Classifier,172,3.714432648,46.06637837,1289.125,0.653649927161388,0.963430537717475,0.0381423935811289
COMPAS,Inference,Bagging Classifier,173,3.770899806,46.45492157,1289.125,0.647040020566502,0.970147703532836,0.0381406505550749
COMPAS,Inference,Bagging Classifier,174,3.707814789,46.65399184,1289.125,0.649640738731696,0.97619085681106,0.038058580873384
COMPAS,Inference,Bagging Classifier,175,3.677605538,46.84315006,1289.125,0.661189712614201,0.962801334980061,0.0379085232946489
COMPAS,Inference,Bagging Classifier,176,3.760783536,46.41850744,1289.125,0.657562584366887,0.992106561366934,0.0372542695314125
COMPAS,Inference,Bagging Classifier,177,3.731731204,45.52557378,1289.125,0.645727372591263,0.976398484345685,0.0381958222407428
COMPAS,Inference,Bagging Classifier,178,3.625410283,46.46011361,1289.125,0.648213930276742,0.981099342698879,0.0379210564453139
COMPAS,Inference,Bagging Classifier,179,3.696554785,45.63395245,1289.125,0.652514370761048,0.97031317971015,0.0378761990644996
COMPAS,Inference,Bagging Classifier,180,3.756348903,46.83014649,1289.125,0.649046030279289,0.973473892293995,0.0378022339830933
Dataset,Phase,Model,Execution Number,CPU Usage (%),Memory Usage (%),Model Size (KB),Accuracy,Energy Consumption (J),Inference Time (s)
German,Inference,SVM,1,5.412824767,46.40540606,4785.167,0.737756976543029,10.03796231,0.315396034168159
German,Inference,SVM,2,5.472971722,45.56389665,4785.167,0.729281383360708,10.04356978,0.311911060457288
German,Inference,SVM,3,5.46195493,46.10991107,4785.167,0.724020466113554,9.947856626,0.315439379413625
German,Inference,SVM,4,5.4339799,45.47983511,4785.167,0.729409897023069,9.772631637,0.317337045393218
German,Inference,SVM,5,5.327337024,46.37534724,4785.167,0.728065612598871,9.975536665,0.312468179857373
German,Inference,SVM,6,5.405677804,45.65850289,4785.167,0.721439664730805,10.10209003,0.317784748104458
German,Inference,SVM,7,5.454519357,45.14857916,4785.167,0.734616649006319,10.04350703,0.319382586143832
German,Inference,SVM,8,5.444889351,46.12748889,4785.167,0.727897972392427,10.0757007,0.313527688634915
German,Inference,SVM,9,5.402299827,46.60233333,4785.167,0.72758399009597,10.11214649,0.319575698529943
German,Inference,SVM,10,5.308320912,46.06271469,4785.167,0.725929336710462,9.798110348,0.313631437030755
German,Inference,SVM,11,5.378036903,45.54724297,4785.167,0.732816030036214,9.861409718,0.31891867247072
German,Inference,SVM,12,5.398809522,44.75901558,4785.167,0.736713020117367,10.0133855,0.315676352050178
German,Inference,SVM,13,5.315059066,46.21850189,4785.167,0.717700877639475,10.03396789,0.313480188724671
German,Inference,SVM,14,5.578543051,45.37144135,4785.167,0.74120124054544,10.02376413,0.320173104989936
German,Inference,SVM,15,5.367810394,45.64294811,4785.167,0.736870295900649,9.946296136,0.314776430727627
German,Inference,SVM,16,5.320090287,46.34113247,4785.167,0.741792901215325,9.892526014,0.315812890254509
German,Inference,SVM,17,5.400234563,46.43424931,4785.167,0.736860713028563,9.752491468,0.312395697919942
German,Inference,SVM,18,5.343111151,45.96440358,4785.167,0.726392140291926,10.01730807,0.313452868136592
German,Inference,SVM,19,5.437421317,46.04187504,4785.167,0.735686997036483,9.843468687,0.317996971553741
German,Inference,SVM,20,5.392074055,45.78397908,4785.167,0.734897853136525,9.990813721,0.315730889780073
German,Inference,SVM,21,5.395420024,46.25654701,4785.167,0.726868771662656,10.0572733,0.318440528289469
German,Inference,SVM,22,5.34224008,45.94250964,4785.167,0.738804123977852,9.957209824,0.313981942927379
German,Inference,SVM,23,5.514039296,45.63818026,4785.167,0.734120299921192,9.919916137,0.315537470006281
German,Inference,SVM,24,5.380481657,45.85486921,4785.167,0.741900483015648,9.997930153,0.312156505462511
German,Inference,SVM,25,5.479326425,45.28586762,4785.167,0.726774612822502,10.049659,0.313875680118808
German,Inference,SVM,26,5.395615445,45.76372688,4785.167,0.748582220119551,9.890222857,0.312789558696167
German,Inference,SVM,27,5.376925926,45.78555425,4785.167,0.736287634276504,9.921222304,0.3080457775059
German,Inference,SVM,28,5.348536568,45.43722318,4785.167,0.734741014373036,10.00690812,0.312213889731427
German,Inference,SVM,29,5.365300679,46.09750862,4785.167,0.733297883535846,10.17110732,0.312522597268053
German,Inference,SVM,30,5.455722662,45.25766916,4785.167,0.740529307717488,9.969357179,0.319199855144625
German,Inference,Decision Tree,31,4.239004989,45.89476589,21.68066,0.700822149274142,0.396221712854164,0.0076653003058411
German,Inference,Decision Tree,32,4.314094197,45.20064998,21.68066,0.694491860003026,0.392191164057116,0.00770168844924505
German,Inference,Decision Tree,33,4.255602944,46.38422874,21.68066,0.703155004050655,0.389108515515324,0.00790639845149061
German,Inference,Decision Tree,34,4.229996644,45.9900062,21.68066,0.703015065756567,0.388145864105675,0.00768240694370986
German,Inference,Decision Tree,35,4.232826468,46.47350847,21.68066,0.690418052629391,0.39597298771911,0.00767356778333703
German,Inference,Decision Tree,36,4.231443204,46.02909847,21.68066,0.695337187274419,0.400463455939962,0.00779203557181096
German,Inference,Decision Tree,37,4.243522971,46.5005405,21.68066,0.6961001915258,0.390317306149843,0.00772660687341665
German,Inference,Decision Tree,38,4.255780169,45.86504136,21.68066,0.69558363508239,0.389558572835492,0.00775309084284675
German,Inference,Decision Tree,39,4.212721449,46.77692874,21.68066,0.700448049689611,0.398659685619509,0.00767265080539189
German,Inference,Decision Tree,40,4.199886615,45.97427902,21.68066,0.694370960188742,0.392335486423233,0.00761181699954632
German,Inference,Decision Tree,41,4.257189365,46.14300128,21.68066,0.69262126478833,0.390363603408518,0.00765665426996735
German,Inference,Decision Tree,42,4.279964329,46.75702588,21.68066,0.704842524325939,0.39473182701616,0.00771048656162793
German,Inference,Decision Tree,43,4.27806691,45.49608888,21.68066,0.706661331193341,0.394531880639445,0.00782315818074649
German,Inference,Decision Tree,44,4.274441873,45.96940637,21.68066,0.701813338466773,0.391248279503686,0.00775373135392152
German,Inference,Decision Tree,45,4.222546601,46.56620246,21.68066,0.69944599440575,0.389167204857104,0.00774127832434285
German,Inference,Decision Tree,46,4.291488161,46.25528494,21.68066,0.700860986793644,0.400034218223537,0.00792334687240272
German,Inference,Decision Tree,47,4.266876298,45.62388964,21.68066,0.699340592315804,0.391496055404108,0.00768052848629686
German,Inference,Decision Tree,48,4.306467168,46.14385066,21.68066,0.694364749161507,0.392146961507149,0.00766589284573478
German,Inference,Decision Tree,49,4.245211312,46.91038149,21.68066,0.699604794249754,0.39416264229609,0.00773765309922389
German,Inference,Decision Tree,50,4.286457232,46.53355265,21.68066,0.698001825248382,0.392916734086584,0.00767174323107517
German,Inference,Decision Tree,51,4.154927709,46.33672239,21.68066,0.688580346609533,0.396133549155795,0.00785703098996147
German,Inference,Decision Tree,52,4.249668428,44.83800362,21.68066,0.699808539145838,0.39116070581529,0.00769182682137578
German,Inference,Decision Tree,53,4.294613434,45.66428881,21.68066,0.71416807580321,0.388425210959913,0.00766160013408045
German,Inference,Decision Tree,54,4.251445392,46.82439101,21.68066,0.692218765727732,0.390317277480438,0.00789358158862423
German,Inference,Decision Tree,55,4.209536781,45.35510416,21.68066,0.690188701606628,0.391628279828835,0.0076777311603818
German,Inference,Decision Tree,56,4.243926458,45.93766337,21.68066,0.698402451885164,0.39796646735002,0.00765526996445254
German,Inference,Decision Tree,57,4.255834128,46.99964653,21.68066,0.700922221773185,0.391805009411162,0.00778463456585671
German,Inference,Decision Tree,58,4.223157903,46.02436283,21.68066,0.696104708191445,0.39299916131004,0.00770630590568846
German,Inference,Decision Tree,59,4.219149343,46.19405599,21.68066,0.707519543810001,0.391966575939104,0.00776900813909546
German,Inference,Decision Tree,60,4.249231335,46.34973283,21.68066,0.691947018587556,0.390949027947181,0.00769838079864219
German,Inference,KNN,61,4.163638077,45.94411822,5775.785,0.661901715062272,1.835407743,0.0689733203909096
German,Inference,KNN,62,4.223905912,45.47184341,5775.785,0.64646627828642,1.823691993,0.0692559158982717
German,Inference,KNN,63,4.180156942,46.31255541,5775.785,0.650966161865953,1.840971262,0.0686700420089873
German,Inference,KNN,64,4.18203092,47.18256353,5775.785,0.659788309125867,1.841313045,0.0694135851153726
German,Inference,KNN,65,4.226208693,45.93222982,5775.785,0.65051715686284,1.837534463,0.068829370207708
German,Inference,KNN,66,4.181319917,46.70346093,5775.785,0.645964882823233,1.854425217,0.0692432104657334
German,Inference,KNN,67,4.306845435,45.98454776,5775.785,0.655124919613039,1.831870137,0.0690039484403244
German,Inference,KNN,68,4.315213036,46.58851577,5775.785,0.65954260910362,1.82211842,0.0701936131134618
German,Inference,KNN,69,4.175248457,46.73260398,5775.785,0.664006216036933,1.843547316,0.0688896538100801
German,Inference,KNN,70,4.138171273,46.58541359,5775.785,0.661329693395763,1.856147378,0.0682505985829522
German,Inference,KNN,71,4.241122925,45.74242021,5775.785,0.656043121908896,1.838137005,0.0696420407604281
German,Inference,KNN,72,4.185869035,46.33013867,5775.785,0.655303401644455,1.828386056,0.0684914638201782
German,Inference,KNN,73,4.204579458,45.65026915,5775.785,0.651927661959784,1.83384294,0.0696549438441338
German,Inference,KNN,74,4.19064716,45.15344651,5775.785,0.632793233784318,1.836925237,0.0693324208585794
German,Inference,KNN,75,4.215714521,46.01392217,5775.785,0.65533244424892,1.827399134,0.068858436766555
German,Inference,KNN,76,4.232210081,46.07606661,5775.785,0.65761481949444,1.827525365,0.0683741417866044
German,Inference,KNN,77,4.167254999,47.19276304,5775.785,0.655767100284945,1.829653086,0.0692714428965879
German,Inference,KNN,78,4.267417306,46.05693191,5775.785,0.660036113599581,1.845334132,0.0674753795025182
German,Inference,KNN,79,4.226667664,45.96770468,5775.785,0.647724110750929,1.857882926,0.0691742099048382
German,Inference,KNN,80,4.231142552,46.30391507,5775.785,0.654248698874128,1.853354265,0.0687467707341453
German,Inference,KNN,81,4.119829244,46.14009428,5775.785,0.660850945285953,1.839201458,0.0686975201525739
German,Inference,KNN,82,4.142853111,45.48577064,5775.785,0.661291734356034,1.853115839,0.0688914167739729
German,Inference,KNN,83,4.217308993,46.02445058,5775.785,0.649828972874056,1.834024176,0.070064658248109
German,Inference,KNN,84,4.219478398,46.33713866,5775.785,0.650551351485951,1.816782255,0.0691147546804431
German,Inference,KNN,85,4.175524862,46.51989522,5775.785,0.652216379467629,1.798057528,0.0693550648286488
German,Inference,KNN,86,4.311271931,45.46433545,5775.785,0.651745221556431,1.863720702,0.0703684753476891
German,Inference,KNN,87,4.236341102,45.50080916,5775.785,0.650786771817535,1.859653977,0.0683715259052672
German,Inference,KNN,88,4.16690783,46.35289752,5775.785,0.644636053559345,1.822368378,0.069102408454209
German,Inference,KNN,89,4.187139721,46.28689196,5775.785,0.646960972087455,1.824235339,0.0685069222024362
German,Inference,KNN,90,4.258568218,45.65450613,5775.785,0.647157134382744,1.798671345,0.0699701663891476
German,Inference,Random Forest,91,4.865777008,46.47581096,4105.165,0.723873086655237,1.591639466,0.0621966572185833
German,Inference,Random Forest,92,4.833344877,46.47233932,4105.165,0.710438788035426,1.589634206,0.0632801103755984
German,Inference,Random Forest,93,4.866930125,46.53066622,4105.165,0.712796972816798,1.576879197,0.0635503261574028
German,Inference,Random Forest,94,4.791165011,45.53431352,4105.165,0.722475131105491,1.562252993,0.0621705012253817
German,Inference,Random Forest,95,4.900289177,46.77791607,4105.165,0.704795862170548,1.573136855,0.0629898226197306
German,Inference,Random Forest,96,4.809127103,46.40031244,4105.165,0.716888206107152,1.559292151,0.0615500757210281
German,Inference,Random Forest,97,4.766036439,46.15829583,4105.165,0.727862423387037,1.612644348,0.0632185526278943
German,Inference,Random Forest,98,4.846500355,46.09489929,4105.165,0.724060752482681,1.551388869,0.0625612073504907
German,Inference,Random Forest,99,4.851300883,46.47433628,4105.165,0.719755247810436,1.569634646,0.0614240176160304
German,Inference,Random Forest,100,4.812695329,46.16849479,4105.165,0.716623161275988,1.603945874,0.0625956950903731
German,Inference,Random Forest,101,4.658022074,46.9198396,4105.165,0.706481908443638,1.576624276,0.0624696876966241
German,Inference,Random Forest,102,4.912008681,46.52661294,4105.165,0.723782398697428,1.566961036,0.063120338714817
German,Inference,Random Forest,103,4.728258547,46.07905386,4105.165,0.7177943947763,1.585280351,0.0636460974867387
German,Inference,Random Forest,104,4.848458212,46.17389137,4105.165,0.71546654345101,1.597991217,0.0612394974523645
German,Inference,Random Forest,105,4.810600166,46.13763543,4105.165,0.716188319866858,1.552422283,0.0639233783733054
German,Inference,Random Forest,106,4.796367877,46.88437109,4105.165,0.720053411427483,1.568149454,0.0617270542924521
German,Inference,Random Forest,107,4.898998351,45.51142283,4105.165,0.730475423589338,1.559204305,0.0622886678481287
German,Inference,Random Forest,108,4.787404578,45.96928077,4105.165,0.719931146539081,1.586992439,0.0625876464411084
German,Inference,Random Forest,109,4.850912189,46.73015806,4105.165,0.726302232082534,1.591609212,0.0625358656163534
German,Inference,Random Forest,110,4.763629965,45.88789478,4105.165,0.721198362934948,1.591041828,0.0623311679776529
German,Inference,Random Forest,111,4.841293879,46.59044783,4105.165,0.714380105350459,1.577361884,0.0634442818622774
German,Inference,Random Forest,112,4.826466172,46.58330238,4105.165,0.717941338988719,1.600459524,0.0630709380809747
German,Inference,Random Forest,113,4.87321284,46.54261258,4105.165,0.712820497489849,1.58768956,0.0613042184937728
German,Inference,Random Forest,114,4.82863483,46.91134773,4105.165,0.716463200535151,1.562023388,0.0616076241713915
German,Inference,Random Forest,115,4.784753053,46.65255515,4105.165,0.720895214794871,1.559300646,0.0620505968604542
German,Inference,Random Forest,116,4.877582247,46.12195438,4105.165,0.735884589527386,1.570250783,0.0627561560505844
German,Inference,Random Forest,117,4.874879173,46.26362972,4105.165,0.715797975255762,1.581205369,0.0622566282789347
German,Inference,Random Forest,118,4.793202425,45.3240362,4105.165,0.720061372082,1.584236007,0.063186220365143
German,Inference,Random Forest,119,4.810318375,47.0298954,4105.165,0.717911026997434,1.572458865,0.0624789163291103
German,Inference,Random Forest,120,4.789835917,46.71890554,4105.165,0.728074986854598,1.541503255,0.0630921605607887
German,Inference,AdaBoost,121,4.138941902,45.79092951,33.42578,0.680829998171434,2.273832336,0.0887980286707668
German,Inference,AdaBoost,122,4.144090523,46.48123809,33.42578,0.692732404807279,2.26020389,0.0901012611830022
German,Inference,AdaBoost,123,4.202476701,45.97106885,33.42578,0.681795499971937,2.291207161,0.0883536192949051
German,Inference,AdaBoost,124,4.075299378,45.86415279,33.42578,0.691133997422536,2.210199406,0.0892831626713817
German,Inference,AdaBoost,125,4.12622524,46.24267128,33.42578,0.692360622744391,2.291691474,0.089044019219971
German,Inference,AdaBoost,126,4.10307223,45.90290278,33.42578,0.691491094665272,2.242438524,0.0892698021987781
German,Inference,AdaBoost,127,4.164112567,45.99922233,33.42578,0.685536734378384,2.258492284,0.0893262346883515
German,Inference,AdaBoost,128,4.124223953,45.41042034,33.42578,0.695034823834204,2.234098814,0.0893467469340922
German,Inference,AdaBoost,129,4.104008013,47.21562302,33.42578,0.676381881184021,2.252395637,0.0890287110311332
German,Inference,AdaBoost,130,4.121152801,45.60574072,33.42578,0.679976594329409,2.227891868,0.0894589056206198
German,Inference,AdaBoost,131,4.074744237,47.07324147,33.42578,0.679295088787415,2.235407697,0.0891374892002138
German,Inference,AdaBoost,132,4.094761625,47.79630981,33.42578,0.695494337849198,2.260861598,0.0907361398416807
German,Inference,AdaBoost,133,4.094834622,46.03664034,33.42578,0.701437158337484,2.230603821,0.0888629530312696
German,Inference,AdaBoost,134,4.057212747,46.76576115,33.42578,0.676883695501169,2.253070594,0.0900127893412903
German,Inference,AdaBoost,135,4.166546003,47.18586454,33.42578,0.688007842839518,2.220062686,0.0886277432886842
German,Inference,AdaBoost,136,4.110803142,45.76165305,33.42578,0.703662980631812,2.231295334,0.0885437387697556
German,Inference,AdaBoost,137,4.101977672,45.73574877,33.42578,0.682320892360255,2.272451915,0.0893890192372873
German,Inference,AdaBoost,138,4.116302471,47.02222524,33.42578,0.668915039029437,2.242080638,0.0914760401765069
German,Inference,AdaBoost,139,4.131208912,46.56753532,33.42578,0.681026753441171,2.265462503,0.0903195021634419
German,Inference,AdaBoost,140,4.160980867,46.2498474,33.42578,0.6964206157222,2.221284646,0.0900201791404933
German,Inference,AdaBoost,141,4.097098837,46.86012146,33.42578,0.686786116488479,2.281109313,0.0890353976134284
German,Inference,AdaBoost,142,4.174548362,46.51300623,33.42578,0.691891540564705,2.273035939,0.089976014469727
German,Inference,AdaBoost,143,4.148704099,46.14376899,33.42578,0.674601543996206,2.260266106,0.0882443394442257
German,Inference,AdaBoost,144,4.14788621,46.00576564,33.42578,0.689629957387958,2.256895612,0.0880586333901413
German,Inference,AdaBoost,145,4.068835847,46.78737801,33.42578,0.684856429880131,2.282565715,0.0887249564165669
German,Inference,AdaBoost,146,4.177719592,45.8241197,33.42578,0.682787461505368,2.263289558,0.0888466215931037
German,Inference,AdaBoost,147,4.113776295,47.21176915,33.42578,0.691434499800023,2.258617045,0.0888376442796444
German,Inference,AdaBoost,148,4.136709139,46.11567154,33.42578,0.686711784028256,2.269131213,0.0891256417784531
German,Inference,AdaBoost,149,4.061786135,46.09150675,33.42578,0.689549216100638,2.275766028,0.0900665837126344
German,Inference,AdaBoost,150,4.124228629,46.39811396,33.42578,0.69626120281062,2.288924867,0.0889597972891512
German,Inference,Bagging Classifier,151,23.47079228,46.60115792,230.4375,0.694429668550844,1.978596543,0.0786740403534698
German,Inference,Bagging Classifier,152,23.25771274,46.09073328,230.4375,0.714888445988324,1.933549596,0.0789776435709086
German,Inference,Bagging Classifier,153,23.39333473,46.16617695,230.4375,0.720609593445722,1.939271739,0.0796949252543165
German,Inference,Bagging Classifier,154,23.09824517,46.78075576,230.4375,0.698665223205901,1.944792449,0.0784894121306674
German,Inference,Bagging Classifier,155,23.5229691,46.13473074,230.4375,0.712393744552021,1.963243864,0.0785820903206392
German,Inference,Bagging Classifier,156,23.45972713,46.77012103,230.4375,0.707569353387577,1.933072513,0.0790927830204594
German,Inference,Bagging Classifier,157,23.36290704,46.69474089,230.4375,0.700280092835763,1.944974511,0.0780986873578234
German,Inference,Bagging Classifier,158,23.51053553,46.77724812,230.4375,0.706470097635751,1.939701243,0.0791658629070412
German,Inference,Bagging Classifier,159,23.27291496,46.17457623,230.4375,0.695172684278387,1.942366855,0.0796242133042159
German,Inference,Bagging Classifier,160,23.40965992,45.98198268,230.4375,0.721778913089977,1.931562909,0.0783288920529185
German,Inference,Bagging Classifier,161,23.53761155,47.15985469,230.4375,0.709089985663547,1.968917849,0.079169791541779
German,Inference,Bagging Classifier,162,23.66683972,46.7006414,230.4375,0.696345845364,1.929112528,0.0804021399495263
German,Inference,Bagging Classifier,163,23.68814308,46.06003637,230.4375,0.707318781880213,1.947201232,0.0795745342764196
German,Inference,Bagging Classifier,164,23.70035358,45.88952714,230.4375,0.710076337398988,1.941388601,0.0795784837114147
German,Inference,Bagging Classifier,165,23.46031135,46.34128772,230.4375,0.706685889303198,1.95615102,0.0784774383693903
German,Inference,Bagging Classifier,166,23.66037886,45.59885249,230.4375,0.709374481637938,1.932882191,0.0785584924667579
German,Inference,Bagging Classifier,167,23.49465488,46.21151021,230.4375,0.705777471227128,1.94134788,0.0793734950568635
German,Inference,Bagging Classifier,168,23.37893495,45.63958626,230.4375,0.703313034689939,1.952055516,0.0795609562415112
German,Inference,Bagging Classifier,169,23.77473627,46.23981979,230.4375,0.701077777422913,1.92830534,0.0786321925765501
German,Inference,Bagging Classifier,170,23.09773781,45.79669468,230.4375,0.711896512179565,1.930179415,0.0782103682387602
German,Inference,Bagging Classifier,171,23.32603146,46.18172903,230.4375,0.711352355561667,1.921856566,0.0791682583671869
German,Inference,Bagging Classifier,172,23.33942849,46.76582365,230.4375,0.691392318628088,1.945525239,0.0788682777716108
German,Inference,Bagging Classifier,173,23.15246508,46.65652453,230.4375,0.706137055048357,1.928128369,0.0781865347965971
German,Inference,Bagging Classifier,174,23.77859305,46.41547436,230.4375,0.698778875875026,1.965962279,0.0794090070650014
German,Inference,Bagging Classifier,175,23.39888547,46.09594918,230.4375,0.718449074169937,1.987834049,0.0790866565162141
German,Inference,Bagging Classifier,176,23.91037197,46.13842162,230.4375,0.711775749367046,1.93579985,0.0787174515713575
German,Inference,Bagging Classifier,177,23.13906074,46.7582185,230.4375,0.710868789832463,1.960695266,0.0805764227544481
German,Inference,Bagging Classifier,178,23.43984489,46.23267392,230.4375,0.697279259521337,1.936768424,0.0797300849764795
German,Inference,Bagging Classifier,179,23.79480805,45.93181963,230.4375,0.697455342718633,1.936451972,0.0777018896375853
German,Inference,Bagging Classifier,180,23.38023345,46.56840832,230.4375,0.696205472003148,1.92979051,0.0783397295049263
Dataset,Phase,Model,Execution Number,CPU Usage (%),Memory Usage (%),Model Size (KB),Accuracy,Energy Consumption (J),Inference Time (s)
SMSSPAM,Inference,SVM,1,4.921877751,45.22553788,265.3701,0.822463695055447,14.00074818,0.436330742611958
SMSSPAM,Inference,SVM,2,4.923200261,45.03241309,265.3701,0.832444528721365,13.95715059,0.43199352932976
SMSSPAM,Inference,SVM,3,4.909424607,45.75380705,265.3701,0.839903820107325,13.90185429,0.437061150447121
SMSSPAM,Inference,SVM,4,4.969878184,45.94035003,265.3701,0.822085567509,13.88906714,0.438286599501462
SMSSPAM,Inference,SVM,5,4.942409048,45.56176777,265.3701,0.821258539661969,14.06463656,0.432463810845967
SMSSPAM,Inference,SVM,6,4.938862496,45.36343363,265.3701,0.829077557642565,13.96549612,0.434074916339493
SMSSPAM,Inference,SVM,7,4.967803105,45.56426164,265.3701,0.839110986876707,13.96669586,0.426331460195992
SMSSPAM,Inference,SVM,8,5.05002041,45.70767755,265.3701,0.839580003599924,13.90732464,0.431566014873522
SMSSPAM,Inference,SVM,9,4.915567737,45.57269736,265.3701,0.826027940523277,14.03686859,0.425497985949583
SMSSPAM,Inference,SVM,10,4.942447118,45.36524707,265.3701,0.843460607671156,14.00064355,0.43868524416781
SMSSPAM,Inference,SVM,11,4.831304777,43.69963504,265.3701,0.832979449833051,13.9181073,0.4246519544109
SMSSPAM,Inference,SVM,12,4.934996354,45.74161091,265.3701,0.828309798357807,13.95744799,0.424958660492163
SMSSPAM,Inference,SVM,13,4.92562024,45.02998426,265.3701,0.833496787819271,14.21832265,0.43722241821068
SMSSPAM,Inference,SVM,14,4.977158919,44.95512461,265.3701,0.839358861841782,14.12498423,0.436937277662762
SMSSPAM,Inference,SVM,15,4.904398725,45.06941297,265.3701,0.829631334474418,13.92868813,0.44040266464159
SMSSPAM,Inference,SVM,16,5.000097707,45.2974638,265.3701,0.821123880497325,13.83087586,0.437428418563529
SMSSPAM,Inference,SVM,17,4.897747426,46.22555662,265.3701,0.818731153966875,13.88794231,0.443518759059555
SMSSPAM,Inference,SVM,18,4.979979312,45.95758161,265.3701,0.838974804565354,13.77472722,0.434558706674566
SMSSPAM,Inference,SVM,19,4.908742328,45.3880314,265.3701,0.832194670348319,14.09290995,0.436049431249612
SMSSPAM,Inference,SVM,20,4.894733889,45.5433232,265.3701,0.835208314338933,14.01725214,0.442333161745559
SMSSPAM,Inference,SVM,21,4.895890145,44.87898792,265.3701,0.831079797731202,13.72355569,0.438206584160793
SMSSPAM,Inference,SVM,22,4.942980459,45.78117271,265.3701,0.845436029099769,14.33314297,0.433526550356854
SMSSPAM,Inference,SVM,23,4.965263006,44.96379364,265.3701,0.829146172538644,13.92453397,0.438445878931186
SMSSPAM,Inference,SVM,24,4.921706787,46.05208743,265.3701,0.830418117598216,13.90616123,0.431215561610143
SMSSPAM,Inference,SVM,25,4.998925938,45.56235788,265.3701,0.83798368658508,13.99846834,0.433231544141145
SMSSPAM,Inference,SVM,26,5.001361774,45.41789284,265.3701,0.835039752716977,13.84818805,0.435489804914741
SMSSPAM,Inference,SVM,27,4.942428657,44.18897385,265.3701,0.833766980744286,13.83527095,0.436419142934533
SMSSPAM,Inference,SVM,28,4.976131296,44.54597455,265.3701,0.822807344525025,13.72985109,0.433946620977873
SMSSPAM,Inference,SVM,29,4.894278947,45.57284555,265.3701,0.814403066146234,14.03149214,0.431941376462312
SMSSPAM,Inference,SVM,30,4.959749286,45.10560636,265.3701,0.833040265985557,13.81193778,0.430617831914832
SMSSPAM,Inference,Decision Tree,31,2.993284949,45.36053229,20.18066,0.944093855618643,0.611837967456745,0.00965490322239178
SMSSPAM,Inference,Decision Tree,32,2.963789847,46.12354484,20.18066,0.959401308839509,0.610235696235651,0.00954172599177469
SMSSPAM,Inference,Decision Tree,33,2.957559083,45.55535108,20.18066,0.967003169445236,0.607185538029796,0.00957897266285274
SMSSPAM,Inference,Decision Tree,34,3.005824045,45.50467144,20.18066,0.966712563306087,0.608702775156926,0.00954957610563711
SMSSPAM,Inference,Decision Tree,35,2.933754766,45.17925456,20.18066,0.953332552474965,0.609251824216442,0.0096109364557513
SMSSPAM,Inference,Decision Tree,36,3.029757553,45.00081734,20.18066,0.944507391981586,0.615267216787802,0.00965060568482781
SMSSPAM,Inference,Decision Tree,37,2.903111482,45.91856279,20.18066,0.94317203676823,0.613492717588493,0.00965346910956767
SMSSPAM,Inference,Decision Tree,38,2.904211569,46.10827221,20.18066,0.945482868905423,0.607769678270425,0.00969414742898038
SMSSPAM,Inference,Decision Tree,39,2.940156149,45.76269151,20.18066,0.944089098834388,0.610388607613216,0.00951581450328119
SMSSPAM,Inference,Decision Tree,40,2.965263419,45.11956757,20.18066,0.985116303354029,0.611196441135417,0.00968537452527496
SMSSPAM,Inference,Decision Tree,41,2.952264976,46.11241747,20.18066,0.956189137283264,0.605612303865625,0.0094572534331844
SMSSPAM,Inference,Decision Tree,42,2.912334204,45.6966883,20.18066,0.962261085993502,0.60671770640014,0.00945716688743066
SMSSPAM,Inference,Decision Tree,43,2.920978612,44.85608403,20.18066,0.96861189051024,0.599829460484817,0.00960252839148443
SMSSPAM,Inference,Decision Tree,44,2.957782282,45.7227017,20.18066,0.964678409818165,0.607012229935746,0.00964106501903306
SMSSPAM,Inference,Decision Tree,45,2.985584725,45.8068026,20.18066,0.963248051800966,0.611992723664432,0.00963269011188512
SMSSPAM,Inference,Decision Tree,46,2.962397845,45.10105376,20.18066,0.971334557007352,0.612874880953347,0.00969842888223304
SMSSPAM,Inference,Decision Tree,47,2.972168713,45.60946447,20.18066,0.960133768904755,0.607334339223027,0.00955294354725806
SMSSPAM,Inference,Decision Tree,48,2.952178639,45.44695443,20.18066,0.97041313543061,0.621414840690793,0.00953215267396205
SMSSPAM,Inference,Decision Tree,49,2.987631833,45.55573071,20.18066,0.958230369239453,0.600111079144356,0.00965152464732333
SMSSPAM,Inference,Decision Tree,50,2.970432973,45.03509471,20.18066,0.964685354725046,0.621091126968801,0.0097699398867099
SMSSPAM,Inference,Decision Tree,51,2.920361997,45.79140197,20.18066,0.968725561370092,0.609981978459466,0.00954940339712884
SMSSPAM,Inference,Decision Tree,52,2.958278938,46.06597672,20.18066,0.966420029931888,0.61018498746378,0.00961055215887892
SMSSPAM,Inference,Decision Tree,53,2.970443011,47.04790104,20.18066,0.965395796904795,0.628579414563132,0.00966741621488643
SMSSPAM,Inference,Decision Tree,54,2.964599468,45.83285567,20.18066,0.956963227249632,0.611435801472781,0.0094880080562123
SMSSPAM,Inference,Decision Tree,55,2.909471369,44.69353041,20.18066,0.952495301452841,0.611029569318709,0.00981686360265934
SMSSPAM,Inference,Decision Tree,56,3.010520108,45.51334199,20.18066,0.936906065272049,0.613154744230905,0.00951975791113452
SMSSPAM,Inference,Decision Tree,57,2.950143506,45.16840866,20.18066,0.974820987774921,0.602551818484519,0.00945961074866695
SMSSPAM,Inference,Decision Tree,58,2.943841683,45.42611877,20.18066,0.94625088006634,0.621028340962488,0.00979853748722752
SMSSPAM,Inference,Decision Tree,59,2.996922995,45.975327,20.18066,0.949910980985791,0.619682622856312,0.0097679285330262
SMSSPAM,Inference,Decision Tree,60,2.901104191,46.12663763,20.18066,0.981426454837041,0.609376512681017,0.00952464984014203
SMSSPAM,Inference,KNN,61,2.820468117,45.96011771,503.4648,0.936581177610629,11.62873791,0.366376884166433
SMSSPAM,Inference,KNN,62,2.705085016,45.60769222,503.4648,0.93401771122691,11.49654091,0.362674280876116
SMSSPAM,Inference,KNN,63,2.712592001,45.36604109,503.4648,0.934153708609626,11.46515445,0.367562958209618
SMSSPAM,Inference,KNN,64,2.698090903,45.72995064,503.4648,0.93595599232514,11.57760451,0.371327469365151
SMSSPAM,Inference,KNN,65,2.757641028,44.99716825,503.4648,0.943471312950983,11.50752844,0.364727049087262
SMSSPAM,Inference,KNN,66,2.745136439,45.32657843,503.4648,0.918607014488276,11.54598069,0.363742192957744
SMSSPAM,Inference,KNN,67,2.736537095,46.0237624,503.4648,0.920997386716646,11.58300117,0.366193105361729
SMSSPAM,Inference,KNN,68,2.716460634,46.47279576,503.4648,0.921794301492298,11.39109017,0.356668536891771
SMSSPAM,Inference,KNN,69,2.714063814,46.01508006,503.4648,0.933043071679408,11.50101342,0.359230691765279
SMSSPAM,Inference,KNN,70,2.721615632,45.2246098,503.4648,0.947246804395498,11.44440743,0.365331409984375
SMSSPAM,Inference,KNN,71,2.728810549,45.53088031,503.4648,0.914808636293795,11.53871401,0.359947801714367
SMSSPAM,Inference,KNN,72,2.73275338,45.26676207,503.4648,0.928413908495837,11.2672518,0.370443089804029
SMSSPAM,Inference,KNN,73,2.784495561,45.79292497,503.4648,0.932677264934984,11.54324254,0.359687402304026
SMSSPAM,Inference,KNN,74,2.723462239,45.79783569,503.4648,0.920131059892907,11.2206396,0.359862013914165
SMSSPAM,Inference,KNN,75,2.725532386,45.6344175,503.4648,0.940401670152759,11.49230707,0.368987987056905
SMSSPAM,Inference,KNN,76,2.731140755,45.32598215,503.4648,0.93284920505626,11.3884726,0.358753705713521
SMSSPAM,Inference,KNN,77,2.797587666,44.23801095,503.4648,0.916445936786988,11.38059179,0.363970997578634
SMSSPAM,Inference,KNN,78,2.739135013,45.00753716,503.4648,0.935577769999688,11.61161584,0.365524587222984
SMSSPAM,Inference,KNN,79,2.714718205,44.79988735,503.4648,0.930360550719969,11.55778699,0.37026136840871
SMSSPAM,Inference,KNN,80,2.770829326,45.13444924,503.4648,0.939675272716053,11.5814073,0.362932465562521
SMSSPAM,Inference,KNN,81,2.745157971,45.41997888,503.4648,0.933168585114396,11.39287453,0.366055237208602
SMSSPAM,Inference,KNN,82,2.703897426,44.79063971,503.4648,0.93270316124851,11.39491416,0.366106292288241
SMSSPAM,Inference,KNN,83,2.75959519,45.39342753,503.4648,0.94474170326961,11.47889156,0.360839764017458
SMSSPAM,Inference,KNN,84,2.666435897,45.34027699,503.4648,0.944186432816138,11.62744338,0.356475630708412
SMSSPAM,Inference,KNN,85,2.754611068,45.80441403,503.4648,0.925033150086412,11.47122948,0.362464661189788
SMSSPAM,Inference,KNN,86,2.775182436,45.89223316,503.4648,0.931067915620786,11.29474038,0.362738371080943
SMSSPAM,Inference,KNN,87,2.717364276,45.4403151,503.4648,0.928921925748625,11.28579054,0.362950288752715
SMSSPAM,Inference,KNN,88,2.752241201,45.76321246,503.4648,0.95495353897433,11.40580962,0.363137913364283
SMSSPAM,Inference,KNN,89,2.70778757,45.77165674,503.4648,0.959867272126336,11.51180844,0.365332737295911
SMSSPAM,Inference,KNN,90,2.762069484,44.85324493,503.4648,0.937564499028374,11.49166714,0.367851683820896
SMSSPAM,Inference,Random Forest,91,2.157500806,45.35472359,6042.743,0.963073200921222,2.153986947,0.101553741121436
SMSSPAM,Inference,Random Forest,92,2.169192976,45.28996246,6042.743,0.975636633000652,2.167341442,0.100620750968837
SMSSPAM,Inference,Random Forest,93,2.187922966,45.52391743,6042.743,0.987341307605831,2.183856927,0.0979253581769343
SMSSPAM,Inference,Random Forest,94,2.177910916,46.49820834,6042.743,0.961078774534176,2.156502697,0.10033260890007
SMSSPAM,Inference,Random Forest,95,2.187897323,45.34060109,6042.743,0.964794304291285,2.18101333,0.0991172560865834
SMSSPAM,Inference,Random Forest,96,2.183969631,46.32200669,6042.743,0.969113780083656,2.160642388,0.0990269845114097
SMSSPAM,Inference,Random Forest,97,2.205750182,45.20069014,6042.743,0.961637533808887,2.173806247,0.0981099091422478
SMSSPAM,Inference,Random Forest,98,2.153631006,45.76454871,6042.743,0.974420418630027,2.128413437,0.0991968869793917
SMSSPAM,Inference,Random Forest,99,2.196876946,45.63000883,6042.743,0.982200126390827,2.122430341,0.101054631888352
SMSSPAM,Inference,Random Forest,100,2.164103877,46.45845304,6042.743,0.986793918506762,2.135726069,0.100438008849524
SMSSPAM,Inference,Random Forest,101,2.224200792,45.92318974,6042.743,0.97860856888655,2.1598715,0.102031164741959
SMSSPAM,Inference,Random Forest,102,2.219658242,46.03162297,6042.743,0.982655456921202,2.150420166,0.100235381582943
SMSSPAM,Inference,Random Forest,103,2.172642247,44.92769071,6042.743,0.979402405014304,2.178761775,0.100938414924495
SMSSPAM,Inference,Random Forest,104,2.183386346,45.06343279,6042.743,0.978012907896324,2.169329183,0.098630696503609
SMSSPAM,Inference,Random Forest,105,2.185987026,45.69499681,6042.743,0.988847563941356,2.127674748,0.0983389069027197
SMSSPAM,Inference,Random Forest,106,2.194146765,45.52339132,6042.743,0.970548651779008,2.180163142,0.101436711065414
SMSSPAM,Inference,Random Forest,107,2.185070909,45.80877488,6042.743,0.976976149613913,2.169680626,0.101803482036061
SMSSPAM,Inference,Random Forest,108,2.154696213,44.68422935,6042.743,1.006970125,2.111281873,0.0994141498109886
SMSSPAM,Inference,Random Forest,109,2.17950554,46.53586696,6042.743,0.973005332186538,2.190681282,0.100731067462364
SMSSPAM,Inference,Random Forest,110,2.191451917,45.51856454,6042.743,0.966696532862581,2.169148743,0.0989822330916697
SMSSPAM,Inference,Random Forest,111,2.207788928,45.08784866,6042.743,1.012446203,2.200877407,0.0990661592994237
SMSSPAM,Inference,Random Forest,112,2.206307786,45.64509006,6042.743,0.974838551790963,2.149554864,0.0980008267765783
SMSSPAM,Inference,Random Forest,113,2.186180254,45.58106148,6042.743,0.984966230252545,2.149100624,0.100897703740032
SMSSPAM,Inference,Random Forest,114,2.169609891,45.32532732,6042.743,0.979048487077071,2.201779632,0.101072555559974
SMSSPAM,Inference,Random Forest,115,2.182414121,45.37345677,6042.743,0.976369462017771,2.181893852,0.101141516993668
SMSSPAM,Inference,Random Forest,116,2.189977436,45.20126099,6042.743,0.971749314220581,2.149049548,0.10056635149465
SMSSPAM,Inference,Random Forest,117,2.162221068,45.54934686,6042.743,0.973645512365926,2.162291446,0.101812163678579
SMSSPAM,Inference,Random Forest,118,2.16572997,45.09291943,6042.743,0.972258658369995,2.168607594,0.101238401089614
SMSSPAM,Inference,Random Forest,119,2.173752229,45.70504631,6042.743,0.975669464350521,2.131721874,0.0994792143508084
SMSSPAM,Inference,Random Forest,120,2.175796586,45.39127499,6042.743,0.960778504348746,2.162918832,0.101328654445774
SMSSPAM,Inference,AdaBoost,121,3.321742999,45.40127323,43.02441,0.96654981562685,1.929457582,0.0757662355625518
SMSSPAM,Inference,AdaBoost,122,3.3277683,44.78551022,43.02441,0.970069192406,1.91980137,0.0755110044081052
SMSSPAM,Inference,AdaBoost,123,3.306501444,44.7043896,43.02441,0.964291043542157,1.968169891,0.0765633885594764
SMSSPAM,Inference,AdaBoost,124,3.32764156,44.60899544,43.02441,0.960744932969903,1.910734156,0.0749757113508666
SMSSPAM,Inference,AdaBoost,125,3.313749827,45.13346198,43.02441,0.979105146245704,1.932354708,0.0745046808023571
SMSSPAM,Inference,AdaBoost,126,3.342235773,45.1286974,43.02441,0.951078424618786,1.914860949,0.075358263383587
SMSSPAM,Inference,AdaBoost,127,3.332772125,45.96363631,43.02441,0.972802528895863,1.952345503,0.0761830986678409
SMSSPAM,Inference,AdaBoost,128,3.253316892,45.57337409,43.02441,0.964852163669407,1.92466379,0.0748699045896391
SMSSPAM,Inference,AdaBoost,129,3.339664209,45.29115129,43.02441,0.973892527520187,1.936209556,0.0752542919894402
SMSSPAM,Inference,AdaBoost,130,3.274583693,44.58700468,43.02441,0.977881427170014,1.944385633,0.0736925125768736
SMSSPAM,Inference,AdaBoost,131,3.272677002,44.25662145,43.02441,0.976020579772245,1.933171689,0.0745295297805642
SMSSPAM,Inference,AdaBoost,132,3.336893732,44.90506483,43.02441,0.968439792569741,1.947264222,0.0754660942639052
SMSSPAM,Inference,AdaBoost,133,3.338440457,44.70001664,43.02441,0.96556293218658,1.951580417,0.0757159190199307
SMSSPAM,Inference,AdaBoost,134,3.322622921,45.49859782,43.02441,0.974348138611475,1.91650675,0.0751278557405356
SMSSPAM,Inference,AdaBoost,135,3.351929745,45.03100301,43.02441,0.974746835259908,1.925694106,0.0740798574269532
SMSSPAM,Inference,AdaBoost,136,3.356774182,45.5142015,43.02441,0.964612886480904,1.923771485,0.0742832053574135
SMSSPAM,Inference,AdaBoost,137,3.291496396,45.38305205,43.02441,0.961017533787393,1.949010965,0.0746262051596447
SMSSPAM,Inference,AdaBoost,138,3.293213505,45.49147469,43.02441,0.963534640045355,1.925124426,0.0757091995061725
SMSSPAM,Inference,AdaBoost,139,3.321094767,44.63572317,43.02441,0.97185004723685,1.909996565,0.0760373352395719
SMSSPAM,Inference,AdaBoost,140,3.385767471,44.86940748,43.02441,0.975431567533723,1.946750028,0.0763609979238387
SMSSPAM,Inference,AdaBoost,141,3.330041197,44.83735738,43.02441,0.972994037288755,1.960713492,0.0749895080408586
SMSSPAM,Inference,AdaBoost,142,3.34380427,45.52758755,43.02441,0.95054544838829,1.949409506,0.0758296779270998
SMSSPAM,Inference,AdaBoost,143,3.305265775,44.96260498,43.02441,0.974841478761207,1.945551396,0.0752567198755451
SMSSPAM,Inference,AdaBoost,144,3.357470719,44.7998718,43.02441,0.972572475356101,1.933308536,0.0755166734029834
SMSSPAM,Inference,AdaBoost,145,3.269722792,45.17874291,43.02441,0.957500664736001,1.937760744,0.0756668890195359
SMSSPAM,Inference,AdaBoost,146,3.324990391,45.14092844,43.02441,0.961843056150972,1.912786262,0.0743523044368442
SMSSPAM,Inference,AdaBoost,147,3.341608544,44.24904359,43.02441,0.966959208852328,1.949982279,0.073959713111601
SMSSPAM,Inference,AdaBoost,148,3.379459962,44.95645093,43.02441,0.978586116802467,1.922158537,0.0756791896768138
SMSSPAM,Inference,AdaBoost,149,3.298172758,45.0636851,43.02441,0.957770425872643,1.934054705,0.0733958301861069
SMSSPAM,Inference,AdaBoost,150,3.297833635,45.0797055,43.02441,0.989246195503777,1.876891527,0.0765460511942491
SMSSPAM,Inference,Bagging Classifier,151,2.030153642,44.19058733,772.6875,0.957450704460968,1.257454944,0.0474265565665032
SMSSPAM,Inference,Bagging Classifier,152,2.034594062,44.90400296,772.6875,0.944591241790014,1.226625076,0.0472599740704073
SMSSPAM,Inference,Bagging Classifier,153,2.036714078,44.86907573,772.6875,0.963420437986392,1.273007276,0.0487150468777785
SMSSPAM,Inference,Bagging Classifier,154,2.03480045,44.72283211,772.6875,0.95764817810539,1.25418568,0.047623011734499
SMSSPAM,Inference,Bagging Classifier,155,1.985628505,45.95062814,772.6875,0.947880751003721,1.250693399,0.0483999768858583
SMSSPAM,Inference,Bagging Classifier,156,2.003642023,45.85861033,772.6875,0.966454875038919,1.257004766,0.0471235764604028
SMSSPAM,Inference,Bagging Classifier,157,2.030564532,44.861202,772.6875,0.950401940319562,1.242026889,0.0476342630782202
SMSSPAM,Inference,Bagging Classifier,158,1.987623211,44.5387628,772.6875,0.964173994388136,1.251672205,0.0474398623152007
SMSSPAM,Inference,Bagging Classifier,159,2.011564692,44.43614912,772.6875,0.969883502265474,1.236311948,0.0471445388372363
SMSSPAM,Inference,Bagging Classifier,160,2.022260119,44.14683217,772.6875,0.958181680518952,1.230909124,0.0484721962941549
SMSSPAM,Inference,Bagging Classifier,161,2.036988873,45.24810018,772.6875,0.960162162766736,1.245553816,0.0476880075196048
SMSSPAM,Inference,Bagging Classifier,162,2.013857954,44.77447302,772.6875,0.96495871667085,1.227930258,0.0478222321107455
SMSSPAM,Inference,Bagging Classifier,163,2.013755547,45.75571669,772.6875,0.9699611465688,1.245060688,0.0479598102304922
SMSSPAM,Inference,Bagging Classifier,164,2.030074203,44.70608567,772.6875,0.966425749991129,1.267769602,0.0471528685592174
SMSSPAM,Inference,Bagging Classifier,165,2.019221397,45.38831044,772.6875,0.964191874909567,1.248949051,0.0479862392928464
SMSSPAM,Inference,Bagging Classifier,166,2.035654263,45.47186745,772.6875,0.948333618655358,1.227086464,0.0467527137420836
SMSSPAM,Inference,Bagging Classifier,167,2.017971438,44.86186833,772.6875,0.966365889939153,1.272694008,0.0475730266587283
SMSSPAM,Inference,Bagging Classifier,168,2.058221848,45.46467711,772.6875,0.963814390715235,1.264463171,0.0474686377834776
SMSSPAM,Inference,Bagging Classifier,169,2.07293453,44.80917581,772.6875,0.956285987493639,1.264188715,0.0474446358877161
SMSSPAM,Inference,Bagging Classifier,170,2.015812599,45.43076896,772.6875,0.946092413198625,1.25405114,0.0471932212691506
SMSSPAM,Inference,Bagging Classifier,171,1.992340011,45.49354189,772.6875,0.958432173495897,1.2587065,0.047361455267382
SMSSPAM,Inference,Bagging Classifier,172,2.037242117,45.17183011,772.6875,0.963665873412709,1.244649603,0.0478960811204697
SMSSPAM,Inference,Bagging Classifier,173,2.016124673,44.31708488,772.6875,0.974211951296485,1.25267848,0.0478843276338965
SMSSPAM,Inference,Bagging Classifier,174,2.022277911,45.8055396,772.6875,0.963085662109909,1.279490404,0.0472297107649603
SMSSPAM,Inference,Bagging Classifier,175,1.98371864,45.21980201,772.6875,0.971245085687003,1.249915681,0.0468927930627372
SMSSPAM,Inference,Bagging Classifier,176,2.004892034,44.82594546,772.6875,0.95768724282984,1.255207592,0.0474867137960015
SMSSPAM,Inference,Bagging Classifier,177,2.043436462,44.32679261,772.6875,0.963857851048868,1.243494657,0.0477549501528422
SMSSPAM,Inference,Bagging Classifier,178,2.037673021,44.73323133,772.6875,0.971653397047701,1.260997887,0.0480213712445219
SMSSPAM,Inference,Bagging Classifier,179,2.025660328,44.99900659,772.6875,0.966849200008912,1.266486025,0.0473920760835204
SMSSPAM,Inference,Bagging Classifier,180,2.007511303,45.36909544,772.6875,0.980370433956726,1.23889512,0.0477049628786653
